"1","1","dormir"," pioncer; en ecraser; roupiller"
"2","2","avoir un grand succes",""
"3","3","exercer"," defendre"
"4","3","faire ressortir"," faire etalage de; mettre en vedette; faire mousser"
"5","3","exploiter"," mettre en valeur"
"6","4","emouvoir vivement"," enflammer; ebranler; toucher"
"7","5","violer"," abuser"
"8","6","montrer"," etaler; guider"
"9","7","franc-jeu"," sport; correct; droit; loyal; honnete"
"10","8","realisable"," pratique; facile; possible; aise"
"11","9","pourri"," malsain; corrompu; douteux"
"12","9","avance",""
"13","10","elevage de faisans",""
"14","11","fagot"," botte; gerbe; bouquet"
"15","11","accumulation",""
"16","11","faisceau lumineux",""
"17","12","constructeur"," batisseur"
"18","12","fabricant",""
"19","12","tailleur",""
"20","12","amateur",""
"21","12","becheur"," hableur"
"22","13","arrange"," constitue; dispose"
"23","13","accompli"," acheve; execute; termine; forme; bati"
"24","13","habitue"," accoutume"
"25","13","capable de"," bon pour; ne pour; propre a"
"26","13","mur",""
"27","13","acte"," action; exploit; chose faite"
"28","13","evenement"," cas; aventure; phenomene"
"29","13","de fait"," du fait de; en fait; fait pour; hauts faits; mal fait; mettre au fait de; se mettre au fait de"
"30","14","exploit"," prouesse; hauts faits"
"31","15","comble"," apogee; pinacle; summum"
"32","15","sommet"," cime; point culminant"
"33","16","propre a",""
"34","17","tassement",""
"35","17","charge"," chargement; fardeau; poids; surcharge"
"36","18","insidieux"," hypocrite; fourbe; nuisible; mensonger; artificieux; trompeur; perfide; specieux; faux"
"37","19","devoir"," convenir; etre necessaire"
"38","20","terne"," efface; pale; anodin; insignifiant; inconsistant; negligeable; mediocre"
"39","20","plaisant"," joyeux; gai; drole"
"40","20","lanterne"," flambeau; fanal"
"41","21","fabricateur"," fraudeur; contrefacteur"
"42","22","alteration"," contrefaçon"
"43","23","factice"," faux"
"44","24","contrefaire"," imiter; truquer"
"45","24","deformer"," alterer; denaturer; fausser; defigurer; adulterer; changer; frelater; tronquer; sophistiquer"
"46","24","travestir"," maquiller"
"47","25","depot de coquilles"," lumachelle"
"48","26","capital"," bien; argent; pecule; finances"
"49","26","terrain"," sol; champ"
"50","26","commerce"," etablissement; boutique; magasin; maison"
"51","27","dissous"," liquefie; dilue; solubilise"
"52","27","flou"," vaporeux"
"53","27","degrade",""
"54","28","excroissance",""
"55","29","champignon de mer",""
"56","29","tumeur",""
"57","30","reservoir"," recipient; bassin; filtre; puits"
"58","30","source"," ruisseau; eau vive"
"59","31","fusion"," moulage"
"60","31","fourreau",""
"61","32","etranger"," nomade; bateleur; batteur d estrade; marchand; banquiste; saltimbanque"
"62","33","pirate"," corsaire"
"63","33","bandit",""
"64","34","galerien"," bagnard; prisonnier"
"65","35","etat physique"," robustesse; resistance; vigueur; virilite; verdeur; muscle; seve; solidite; tonicite; muscle; biceps; nerf; ressort"
"66","35","etat mental"," dynamisme; potentiel; pouvoir; puissance; intensite"
"67","35","trait de caractere"," courage; volonte; determination; fermete; energie; constance; cran"
"68","35","effet"," efficacite; intensite; activite; action; influence"
"69","35","langue"," eloquence; vehemence; virulence"
"70","35","fait"," obligation; necessite"
"71","35","opposition"," contrainte; oppression; violence"
"72","36","factice"," affecte; artificiel; contraint"
"73","36","necessaire"," obligatoire; ineluctable; inevitable; involontaire; ecrit"
"74","37","ardeur"," courage; caractere; constance; valeur; volonte; heroisme; noblesse; generosite; magnanimite"
"75","38","forçage"," effraction"
"76","39","fatalement"," absolument; evidemment; inevitablement; necessairement; obligatoirement"
"77","40","furibond"," furieux; emporte"
"78","40","fou",""
"79","40","enrage"," acharne; passionne"
"80","40","energumene",""
"81","41","astreindre"," contraindre; obliger; entrainer; reduire; condamner"
"82","41","briser"," enfoncer; rompre; crocheter; fracturer; emporter; prendre"
"83","41","tyranniser"," violenter; faire violence; violer; faire subir"
"84","41","traquer",""
"85","41","hater"," precipiter; accentuer; accelerer"
"86","41","augmenter"," exagerer; outrer"
"87","41","fatiguer"," claquer; crever"
"88","41","denaturer"," solliciter"
"89","42","grossir"," se fortifier"
"90","43","multitude"," grande quantite; amas"
"91","43","bois"," lieu sauvage; solitude"
"92","44","crime"," faute; delit; mefait; attentat"
"93","44","declarer forfait",""
"94","45","trahison"," felonie; concussion; prevarication"
"95","46","orgueil"," vantardise; charlatanisme; hablerie; rodomontade; fanfaronnade"
"96","47","fabriquer"," inventer"
"97","47","battre"," corroyer; marteler"
"98","48","fabricateur"," fabricant; inventeur"
"99","48","forgeron",""
"100","49","forcer hors du gite",""
"101","50","se formaliser",""
"102","50","vexer"," blesser; offenser; offusquer"
"103","51","pointilleux"," vetilleux; minutieux; etroit"
"104","51","façonnier"," ceremonieux; protocolaire"
"105","51","rigoriste"," ritualiste"
"106","52","ceremonial"," ceremonie; etiquette"
"107","52","procedure"," loi; forme; maniere; regle; procede; mode"
"108","53","dimension"," grandeur; calibre; mesure; taille"
"109","54","formant",""
"110","55","groupe"," groupement; parti; groupuscule; orchestre"
"111","55","creation"," elaboration; fondation; constitution; composition; institution; organisation; production; developpement; generation"
"112","55","puberte",""
"113","55","education"," instruction; noviciat; apprentissage"
"114","55","apparition"," origine"
"115","56","etat"," apparence; aspect; configuration; conformation; dehors; disposition; figure; corps; façon"
"116","56","art"," silhouette; trace; modele; galbe; ligne; relief"
"117","56","droit"," formalite; formule"
"118","56","societe"," organisation; regime; statut"
"119","56","technique"," moule; gabarit; modele; carcasse; chassis; garniture"
"120","56","maniere"," etiquette; usages; formalite; bonnes manieres"
"121","56","langue"," expression; style"
"122","57","nubile"," pubere; mur"
"123","57","developpe"," fait"
"124","57","instruit",""
"125","58","precise"," explicite; expres; clair; determine; direct; net; precis"
"126","58","indubitable"," incontestable; rigoureux; indeniable; indiscutable; irrefutable; absolu; assure; authentique; categorique; certain; constant; evident; imperieux; positif"
"127","59","explicitement"," rigoureusement; certainement; nettement"
"128","60","societe"," fonder; instituer; organiser; etablir; creer"
"129","60","forme"," fabriquer; façonner; faire; composer; constituer; presenter; dessiner"
"130","60","etat mental"," concevoir; imaginer; mediter; projeter; dessiner; enoncer; formuler; preparer"
"131","60","savoir"," instruire; eduquer; elever; discipliner; entrainer; enseigner; initier; styler; dresser; cultiver; exercer"
"132","61","contours"," lignes"
"133","62","imposant"," stupefiant; colossal; considerable; enorme; extraordinaire; gigantesque; monstrueux; etonnant"
"134","62","redoutable"," epouvantable; effrayant; effroyable; terrible; terrifiant; redoute"
"135","62","sensationnel"," epatant"
"136","63","enormement"," considerablement"
"137","63","terriblement"," tres"
"138","64","questionnaire"," formule"
"139","64","recueil"," codex; etiquette; modele; traite"
"140","65","maniere"," methode; procede; recette; mode; solution; [informal] truc"
"141","65","langue"," expression; slogan; terme; aphorisme; dicton"
"142","65","droit"," enonce; libelle; intitule"
"143","66","emettre"," expliciter; exprimer; enoncer; deposer"
"144","66","etablir",""
"145","66","former",""
"146","67","puissant"," robuste; solide; vigoureux; viril; athletique; herculeen; costaud; baleze; baraque"
"147","67","courageux"," ferme; energique"
"148","67","savant"," doue; habile; capable; experimente; cale"
"149","67","puissant"," influent"
"150","67","dur"," inusable"
"151","67","dru"," epais; touffu; serre; abondant"
"152","67","intense"," lourd"
"153","67","eleve"," grand; important"
"154","67","epice"," piquant; releve; acre; rude; vert; piquant; penetrant; desagreable"
"155","67","efficace"," irresistible; invincible"
"156","67","vehement"," vif; violent"
"157","67","incroyable"," extraordinaire; inoui; invraisemblable; outre; pousse; du tonnerre; de cheval; carabine; raide; fort de cafe"
"158","67","hercule"," malabar; costaud; baleze"
"159","67","defense"," citadelle; forteresse; fortin; bastion; blockhaus; ouvrage; redoute; retraite; retranchement; redan"
"160","67","beaucoup"," abondamment; amplement; considerablement; copieusement; en abondance; largement; a foison; a profusion"
"161","67","fortement"," ardemment; bien; dur; extremement; tout a fait; tres; violemment"
"162","67","etre fort"," se faire fort de"
"163","68","fort"," exagere"
"164","69","vigoureusement"," violemment; vivement; profondement; puissamment; solidement; avec force; energiquement; lourdement; nettement; fermement; intensement"
"165","70","mur"," rempart; citadelle"
"166","70","fort"," citadelle; chateau; blockhaus; fortin; place forte"
"167","71","remontant"," reconstituant; tonique"
"168","71","vivifiant"," nourrissant; nutritif; reconstituant; remontant; restaurant; tonique"
"169","72","rempart"," defense"
"170","73","armer"," proteger; defendre; retrancher; entourer"
"171","73","consolider"," renforcer; etayer"
"172","73","tremper"," durcir; endurcir; affermir"
"173","73","confirmer"," corroborer; raffermir; etayer"
"174","73","se fortifier",""
"175","74","mensonge"," tromperie; imagination; fantaisie; elucubration; invention"
"176","74","conte"," anecdote; mythe; fiction; legende; recit; moralite; apologue; parabole; allegorie; fabliau"
"177","75","fonction"," industriel; manufacturier; chef d etablissement"
"178","76","createur"," inventeur; producteur; artisan"
"179","76","falsificateur"," fraudeur; contrefacteur; faussaire"
"180","77","creation"," invention; production; composition; confection"
"181","78","fabrication"," façon"
"182","78","usine"," manufacture; etablissement industriel"
"183","79","forge"," falsifie; invente; imagine; artificiel"
"184","79","cree"," manufacture; confectionne; façonne; bati; construit; usine; realise"
"185","80","fait"," faire; façonner; creer; realiser; former; confectionner; usiner; mettre en œuvre; manufacturer; produire; executer; elaborer; œuvrer; composer"
"186","80","etat mental"," inventer; imaginer; calomnier; medire; fausser; forger"
"187","81","mythomanie",""
"188","81","affabulation",""
"189","82","prodigieusement"," extremement"
"190","83","fantastique"," incroyable; miraculeux; prodigieux; etonnant; extraordinaire; inoui; romanesque"
"191","83","mythologique"," mythique; legendaire; chimerique; imaginaire; irreel; allegorique; faux; errone; fictif; illusoire"
"192","84","devant"," front; face; devanture"
"193","84","exterieur"," aspect; dehors"
"194","84","de façade",""
"195","85","aspect"," apparence; point de vue; tournure"
"196","85","visage"," physionomie; figure; tete; mine"
"197","85","avers",""
"198","85","angle"," coin; cote; couture"
"199","85","façade"," front"
"200","85","en face"," en face de; face a face"
"201","86","bouffonnerie"," farce; mystification; plaisanterie; baliverne; tour; niche; pitrerie"
"202","87","farceur"," plaisantin; blagueur; loustic; chahuteur"
"203","87","drole"," comique; plaisant; rejouissant; spirituel; moqueur; gouailleur; jovial"
"204","88","navre"," desole; attriste"
"205","88","irrite"," froisse; contrarie; courrouce; ulcere; offusque; mecontent"
"206","88","etre fache",""
"207","89","attrister"," chagriner; peiner; contrister; affliger; navrer"
"208","89","mecontenter"," contrarier; indisposer; vexer; agacer; irriter; exasperer; piquer"
"209","89","se facher",""
"210","90","contrariete"," depit; irritation"
"211","90","brouille"," desaccord; bouderie"
"212","91","genant"," ennuyeux; desagreable; embarrassant; deplaisant; embetant"
"213","91","regrettable"," contrariant; deplorable; malencontreux; malheureux; intempestif; inopportun"
"214","91","difficile"," penible"
"215","91","geneur"," importun; indiscret; raseur"
"216","92","facies",""
"217","93","visage"," figure; face"
"218","93","apparence"," aspect; configuration; structure; morphologie; facies"
"219","94","trait de caractere"," docile; indulgent; conciliant; malleable; tolerant; accommodant; arrangeant; complaisant; doux; faible; traitable; libre; relache; bonhomme; leger"
"220","94","maniere"," commode; faisable; abordable; accessible; possible; praticable; realisable; simple; usuel; aise; executable; penetrable; naturel; ordinaire; elementaire"
"221","95","aisement"," commodement; naturellement; sans difficulte; comme une fleur"
"222","96","simplicite"," accessibilite; commodite"
"223","96","mobilite"," aise"
"224","96","chance"," latitude; liberte; avantage; moyen; jeu; marge; possibilite; occasion"
"225","96","aide"," appui; secours"
"226","96","aptitude"," aisance; don; adresse; brio; habilete; faculte; naturel; vocation; disposition"
"227","96","douceur"," indulgence"
"228","96","condescendance"," complaisance; faiblesse; laisser-aller; paresse; relachement; mollesse"
"229","96","verve"," faconde"
"230","97","simplifier"," menager; arranger; aplanir; preparer; aider; macher la besogne"
"231","98","forme"," configuration; conformation"
"232","98","moyen"," methode; mode; procede"
"233","98","technique"," creation; fabrication; travail; execution; confection; coupe"
"234","98","maniere"," conduite; comportement; air; allure; attitude; degaine; ton"
"235","99","volubilite"," facilite; exuberance; bagou; verve; abondance; loquacite; prolixite"
"236","100","confectionner"," modeler; sculpter"
"237","100","travailler"," usiner; fabriquer; elaborer; faire; ouvrer"
"238","100","preparer"," appreter; petrir"
"239","100","tourner",""
"240","100","labourer",""
"241","100","former"," dresser; modifier; eduquer; transformer"
"242","100","habituer"," accoutumer; plier"
"243","101","affecte"," ceremonieux; maniere; precieux; poseur; minaudier; apprete; artificiel; pretentieux"
"244","101","artisan"," ouvrier"
"245","102","chichis"," simagrees; minauderies; ceremonies; airs; embarras; histoires"
"246","103","copie"," reproduction; imitation; double; figuration"
"247","104","messager"," commissionnaire; mandataire; agent; commis; intermediaire; envoye; estafette; expres"
"248","104","fabricant d orgues"," accordeur; luthier"
"249","104","element"," agent; cause"
"250","104","coefficient"," puissance; rapport; quotient; multiplicande; multiplicateur; diviseur"
"251","105","faux"," falsifie; copie; artificiel; imite; affecte; feint; fictif; force; postiche; compose; emprunte"
"252","106","agitateur"," insurge; agent provocateur; mutin; revolutionnaire; rebelle; revolte; semeur de troubles"
"253","106","revolutionnaire"," rebelle; seditieux; sectaire; reactionnaire; subversif; revolte; insurge; insurrectionnel"
"254","107","garde"," guet"
"255","107","complot"," cabale; conjuration; conspiration; rebellion; sedition; agitation; brigue; intrigue; mutinerie; ligue; revolution"
"256","107","etre en faction",""
"257","108","sentinelle",""
"258","109","pamphlet"," libelle; diatribe"
"259","109","memoire"," expose"
"260","110","compte"," etat; addition; note; releve; bordereau; memoire"
"261","110","maniere"," style; technique; execution; travail"
"262","111","talent"," aptitude; facilite; capacite; don; ressource"
"263","111","moyen"," possibilite; pouvoir; puissance; capacite; droit; liberte; latitude; privilege; autorisation"
"264","111","enseignement superieur"," universite"
"265","112","fou"," cingle"
"266","112","un peu fou"," cingle"
"267","113","bagatelle"," vetille; betise"
"268","113","platitude"," niaiserie; baliverne; calembredaine; sornette; billevesee"
"269","114","pale"," terne; delave"
"270","114","insipide"," ecœurant; douceatre; doucereux; fadasse"
"271","114","ennuyeux"," insipide; plat; insignifiant; inexpressif; sans caractere"
"272","114","rendre fade",""
"273","115","insipidite",""
"274","115","platitude"," manque de caractere; manque d interet; manque de vivacite; convention; affectation"
"275","115","fadaise",""
"276","116","bourree"," fascine; javelle; cotret; margotin"
"277","117","affuble"," accoutre; mal vetu; ficele"
"278","118","vetir"," habiller"
"279","119","etat physique"," affaibli; chetif; debile; fragile; malingre; deficient; delicat; fluet; asthenique; infirme; rachitique; anemie; anemique; frele; grele"
"280","119","trait de caractere"," desarme; impuissant; vulnerable; vacillant; instable; inconstant; veule; lache; mou; pliant; flasque; sans fermete"
"281","119","qualite"," insuffisant; mediocre; mauvais"
"282","119","personne"," avorton; gringalet"
"283","119","gout"," penchant"
"284","120","peu"," insuffisamment"
"285","120","doucement"," vaguement; mollement"
"286","121","syncope"," evanouissement; defaillance; pamoison"
"287","121","fragilite"," debilite; anemie; deficience; delicatesse; abattement; affaiblissement; impuissance; manque de puissance; infirmite; asthenie"
"288","121","insuffisance"," inferiorite; insignifiance; mediocrite; pauvrete; point faible; trou; lacune"
"289","121","entrainement"," erreur; faute; glissade"
"290","121","complaisance"," apathie; aveulissement; irresolution; indecision; laisser-aller; langueur; mollesse; lachete; facilite"
"291","121","preference"," penchant"
"292","121","faiblesse d esprit",""
"293","122","s affaiblir"," s epuiser; decliner; defaillir"
"294","122","plier"," ployer; vaciller; baisser; ceder; chanceler; flechir; mollir"
"295","123","ceramique"," cailloutage"
"296","124","etre sur le point de",""
"297","124","manquer a"," negliger; se derober; s esquiver"
"298","124","commettre une faute"," succomber; choir; tomber; fauter; pecher"
"299","125","debacle"," banqueroute; krach; ruine; depot de bilan; liquidation judiciaire; deconfiture"
"300","126","etat mental"," besoin; desir; envie; soif; ambition; appetence"
"301","126","etat physique"," appetit; boulimie; fringale"
"302","127","paresseux"," bon a rien; desœuvre; oisif; flemard; flemmard; feignant; faignant"
"303","127","paresseux"," apathique; desœuvre; inactif; indolent; inutile; musard; nonchalant; oisif; propice a rien; flemard; flemmard; feignant; faignant"
"304","128","paresser"," lezarder; flemmarder; coincer la bulle; glander; glandouiller"
"305","129","paresse"," oisivete; inaction; inertie; apathie"
"306","130","travailler"," etudier; s occuper; se taper"
"307","130","entreprendre"," accomplir; effectuer; agir; executer; realiser; pratiquer; remplir une tache; ficher; foutre"
"308","130","preparer"," creer; composer; produire; engendrer; fabriquer; façonner; confectionner; construire; batir; eriger"
"309","130","conditionner"," former"
"310","130","instaurer"," instituer; etablir; constituer"
"311","130","arranger"," combiner; disposer; nettoyer; ranger"
"312","130","causer"," occasionner; determiner"
"313","130","contrefaire"," feindre d etre; jouer le role de; affecter de"
"314","130","commettre"," perpetrer; provoquer"
"315","130","gagner"," obtenir; amasser; procurer; se procurer"
"316","130","representer"," etre; valoir"
"317","130","se comporter",""
"318","130","s attirer",""
"319","130","rendre",""
"320","130","observer"," operer; mettre en pratique"
"321","130","cultiver"," recolter; semer"
"322","130","faire cas"," faire cas de; faire etat de; faire en sorte que; faire face; faire face a; faire-part; s en faire; se faire"
"323","131","abstraire"," ecarter; exclure; retirer; ne pas tenir compte"
"324","132","ecarter",""
"325","133","introduire",""
"326","134","evoquer",""
"327","135","etat"," etre prudent"
"328","136","veiller a",""
"329","137","faire bon accueil",""
"330","138","compter"," considerer"
"331","139","ebranler"," rendre incertain; affaiblir"
"332","140","etre du meme avis",""
"333","141","avoir confiance dans"," compter sur"
"334","142","exprimer"," designer; donner; denoncer; indiquer"
"335","143","colporter"," repandre; divulguer; propager"
"336","144","abaisser"," degrader"
"337","145","defaillir"," manquer"
"338","146","faire sensation",""
"339","146","operer"," agir"
"340","147","se moquer de"," railler"
"341","148","boire abondamment",""
"342","149","faire des sottises",""
"343","150","vaincre"," lever; dissiper"
"344","150","enlever"," cacher; effacer; escamoter"
"345","150","chasser"," detruire; aneantir; supprimer"
"346","150","exterminer"," tuer"
"347","151","eterniser"," prolonger; proroger; trainer"
"348","151","economiser"," epargner; conserver"
"349","152","dejouer"," confondre"
"350","153","s efforcer"," s escrimer"
"351","154","enoncer"," dire; exprimer; emettre"
"352","155","arguer"," citer"
"353","156","fulminer",""
"354","156","eclater",""
"355","157","se tromper"," s egarer"
"356","158","mepriser",""
"357","159","fleurir"," briller; reussir; avoir du succes"
"358","160","dissoudre"," delayer"
"359","161","susciter le plus grand engouement"," connaitre un immense succes"
"360","162","pardonner"," epargner"
"361","163","accueillir avec froideur",""
"362","164","s arreter"," arreter"
"363","165","dedier"," offrir"
"364","166","jouer"," s amuser; s ebattre; s ebrouer"
"365","167","punir",""
"366","168","faire la noce"," faire la bombe; faire bombance; faire la vie; faire la foire"
"367","169","convenir",""
"368","170","combattre",""
"369","170","reprimander",""
"370","171","bouder"," faire la moue"
"371","172","se pavaner"," se rengorger"
"372","173","repondre aux besoins"," repondre a la demande"
"373","174","faire le fanfaron"," faire le malin; craner"
"374","175","depenser sans compter"," etre genereux avec ostentation"
"375","176","se resoudre a"," se decider a; franchir le Rubicon"
"376","177","se livrer a la prostitution"," faire du racolage; faire le tapin"
"377","178","faire le malin"," faire l interessant"
"378","179","faire le malin"," faire le pitre; faire le guignol"
"379","180","faire rire"," faire rigoler; amuser"
"380","181","donner l apparence de"," donner l impression que"
"381","181","faire semblant de",""
"382","182","promettre",""
"383","183","elever"," exhausser"
"384","184","frapper a mort"," expedier"
"385","185","engendrer"," exciter; susciter; eveiller"
"386","186","sortir"," deployer"
"387","187","associer"," admettre"
"388","188","appartenir a"," etre membre de"
"389","188","contenir"," entrer"
"390","189","expedier"," emballer"
"391","190","communiquer"," acheminer; adresser; transmettre"
"392","191","enfoncer",""
"393","192","rappeler",""
"394","193","derouter"," abuser; egarer"
"395","194","exterminer"," annihiler"
"396","195","plaire"," rejouir"
"397","196","accentuer"," detacher"
"398","197","faire rissoler",""
"399","197","rappeler",""
"400","198","saillir"," sortir"
"401","199","dynamiter"," miner"
"402","199","cuire a feu vif",""
"403","199","eliminer",""
"404","200","apprendre"," informer; instruire; enseigner; signaler; signifier; mander"
"405","201","feindre"," dissimuler; simuler"
"406","202","mouvement"," expulser"
"407","203","tirer",""
"408","204","battre"," faire mal; tourmenter; torturer"
"409","205","impliquer"," inclure"
"410","206","se repandre"," faire boule de neige"
"411","207","reduire au silence"," imposer silence; clouer le bec"
"412","207","calmer"," empecher de parler; empecher de crier; empecher de pleurer"
"413","208","induire",""
"414","208","abattre",""
"415","209","leser"," deshonorer; porter atteinte a"
"416","210","temporiser"," atermoyer; faire languir; tarder; retarder; repousser; reculer; remettre; proroger; surseoir a"
"417","211","mal fame",""
"418","212","affame"," misereux; meurt-de-faim; creve-la-faim"
"419","213","qualite"," celebre; connu; glorieux; repute; renomme; memorable; superieur; brillant; illustre; grand; inoubliable; insigne"
"420","213","gout"," excellent; tres bon"
"421","214","domestique"," parental"
"422","215","apprivoiser"," dresser; entrainer"
"423","215","habituer"," accoutumer; acclimater"
"424","215","se familiariser",""
"425","216","maniere"," bonhomie; abandon; liberte; grossierete; desinvolture; effronterie; sans-gene; privaute; liberte"
"426","216","relation"," intimite; habitude; frequentation"
"427","217","libre"," grossier; cavalier"
"428","217","connu"," ordinaire; habituel; coutumier; simple; usite"
"429","217","liant"," accessible; simple"
"430","217","habitue",""
"431","218","librement"," simplement; a batons rompus"
"432","219","relation"," menage; foyer; maison; maisonnee; toit; logis; tribu; progeniture; [informal] smala; marmaille"
"433","219","societe"," descendance; generation; lignee; dynastie; race; posterite; sang; maison; extraction; origine; parente; nom; naissance; souche"
"434","219","forme"," groupe; genre"
"435","220","faim"," absence d aliments; manque de vivres; misere; disette"
"436","221","lanterne"," feu; falot; phare; flambeau"
"437","222","sectaire"," intolerant"
"438","222","passionne"," fervent; exalte; ardent; chaleureux; enthousiaste; fougueux; fou; zele; transporte; enrage; amoureux"
"439","222","passionne"," fervent; fan; exalte; enthousiaste; zelateur; fana"
"440","223","passion"," zele"
"441","223","sectarisme"," intolerance; etroitesse de vue"
"442","224","defraichi"," bleme; terne; use; vieilli; fatigue"
"443","225","fletrir"," defraichir; decolorer; ternir; secher"
"444","225","se faner",""
"445","226","fracas"," eclat"
"446","226","musique",""
"447","227","menteur"," hableur; craneur; fendant; gascon; matamore; rodomont; fier-a-bras"
"448","227","vantard"," hableur; suffisant; pretentieux; vaniteux"
"449","228","vantardise"," forfanterie; hablerie; bravade; gasconnade; rodomontade"
"450","229","se vanter"," craner; poser"
"451","230","frivolite"," ornement"
"452","231","ignominie"," abjection; bassesse"
"453","231","boue"," bourbe; immondice; ordure; vase; crotte; limon"
"454","232","vaseux"," boueux; trouble; abject"
"455","233","drapeau"," etendard"
"456","234","esprit"," boutade; humour"
"457","234","imagination"," illusion; idee; pensee; reverie; utopie; chimere"
"458","234","fable",""
"459","234","caprice"," extravagance; envie; desir; folie; lubie; volonte passagere"
"460","234","gre"," gout; guise; predilection"
"461","235","fumiste"," original; amateur; humoriste; dilettante"
"462","235","capricieux"," changeant; inconstant; dilettante; versatile"
"463","236","capricieux"," changeant; bizarre; etrange; versatile; fantaisiste; lunatique; original; saugrenu"
"464","237","etonnant"," extravagant; extraordinaire; bizarre; enorme; invraisemblable; merveilleux; sensationnel; admirable; chimerique; colossal; fabuleux; gigantesque; incoherent; abracadabrant"
"465","237","surnaturel"," irreel; imaginaire; feerique; fantasmagorique; miraculeux"
"466","238","pantin",""
"467","238","marionnette"," guignol; pantin; polichinelle"
"468","239","ombre"," apparence; chimere; simulacre"
"469","239","apparition"," spectre; revenant; vision; epouvantail; esprit"
"470","240","coquin"," garnement; maraud; sacripant; vaurien; chenapan; canaille"
"471","241","etonnant"," extraordinaire; prodigieux"
"472","242","fanfaron"," vantard; pretentieux"
"473","243","comedie"," piece comique"
"474","243","hachis",""
"475","243","facetie"," plaisanterie; tromperie; malice; mystification; attrape; blague; canular; malice; tour; niche"
"476","244","mauvais plaisant",""
"477","244","blagueur"," mystificateur; plaisantin"
"478","245","plein"," bourre"
"479","245","rempli de farce",""
"480","246","bourrer"," truffer"
"481","246","remplir"," garnir de farce"
"482","246","se farcir quelque chose"," se farcir quelqu un"
"483","247","deguisement"," dissimulation; artifice; trompe l œil"
"484","247","maquillage"," fond de teint; rouge; mascara; rimmel; poudre; cosmetique"
"485","248","artificiel",""
"486","248","maquille",""
"487","248","tres farde"," trop farde"
"488","249","charge"," poids; faix; joug"
"489","250","forme"," maquiller; grimer; mettre du fard a"
"490","250","maniere"," masquer; deguiser; dissimuler; envelopper; embellir; voiler"
"491","250","navigation"," gonfler"
"492","251","chariot a deux roues"," binard"
"493","252","esprit follet"," lutin"
"494","253","chercher"," fouiller; bouleverser; fureter; fourrager; fourgonner; mettre en desordre; retourner sans dessus dessous; trifouiller"
"495","254","baliverne"," sornette; betise"
"496","255","de la meme farine"," se faire rouler dans la farine"
"497","255","fecule"," maizena; mouture; gruau"
"498","256","trait de caractere"," cruel; dur; barbare; rude; violent; feroce; acharne; tenace"
"499","256","animal"," sauvage; indompte"
"500","257","durement"," violemment"
"501","258","extraordinaire"," envoutant; merveilleux; troublant; attachant; charmant; seduisant"
"502","259","attrait"," charme; seduction; appel; eblouissement; envoutement; trouble"
"503","259","ensorcellement"," hypnotisme; magie"
"504","260","fagot"," faix"
"505","261","attirer"," captiver; charmer; emerveiller; envouter; seduire; troubler; conquerir; eblouir; egarer; plaire"
"506","261","hypnotiser"," magnetiser"
"507","262","luxe"," grandeur; appareil; apparat; magnificence; ostentation; pompe; somptuosite; splendeur; eclat; brillant; etalage; opulence"
"508","262","favorable"," heureux; propice"
"509","263","calendrier"," annales; archives; histoire; memoires; chroniques"
"510","264","agaçant"," importun; lassant; deplaisant; enervant; ennuyeux; fatigant; insipide; insupportable; long; assommant; endormant; barbant"
"511","265","somptueux"," magnifique; opulent; luxueux; riche; imposant; beau; eclatant"
"512","266","poseur"," pretentieux; vaniteux"
"513","266","arrogant"," avantageux; impertinent; orgueilleux; pretentieux; poseur; sot; vain; vaniteux; infatue; suffisant"
"514","267","inevitable"," irrevocable; immanquable; ineluctable; certain; marque par le destin; obligatoire; ecrit"
"515","267","mortel"," funeste; nefaste; nuisible; deplorable; malheureux"
"516","268","inevitablement"," forcement; necessairement; obligatoirement"
"517","269","resigne"," philosophe"
"518","270","catastrophe"," adversite; calamite; desastre; malediction; circonstance malheureuse; eventualite facheuse"
"519","270","destin"," destinee; fatum; etoile; hasard; sort"
"520","271","abrutissant",""
"521","271","epuisant"," extenuant; ereintant; penible; accablant; tuant; crevant"
"522","271","fastidieux"," assommant; lassant; ennuyeux; barbant; rasant"
"523","272","ennui"," tracas"
"524","272","epuisement"," ereintement; extenuation; abattement; accablement; lassitude; surmenage; harassement; coup de pompe"
"525","272","deformation"," changement d etat"
"526","272","brise de fatigue",""
"527","273","etat physique"," las; rompu; recru; rendu; brise; harasse; ereinte; extenue; epuise; moulu; courbatu; courbature; vanne; vide"
"528","273","etat mental"," excede; lasse; sature; degoute"
"529","273","etat"," usage; defraichi; use; abime; deforme"
"530","273","corps"," faible; souffrant; derange"
"531","274","etat physique"," epuiser; extenuer; harasser; accabler; briser; echiner; ecraser; ereinter; lasser; surmener; [informal] esquinter; [informal] claquer; [informal] crever"
"532","274","etat mental"," ennuyer; etourdir; degouter; exceder; importuner; rebuter; harceler; tracasser; assommer; [informal] raser"
"533","275","esquinter"," ereinter"
"534","276","galimatias",""
"535","276","desordre"," amas; entassement; monceau; confusion"
"536","277","orgueil"," infatuation; outrecuidance; pretention; vanite; suffisance; importance"
"537","278","destin"," fatalite"
"538","279","faubert"," balai; vadrouille"
"539","280","fauber",""
"540","281","banlieue"," peripherie"
"541","282","populacier"," vulgaire; commun"
"542","282","resident de banlieue",""
"543","283","sans argent"," desargente"
"544","284","abattre"," renverser; detruire; aneantir; coucher"
"545","284","moissonner"," couper"
"546","284","voler"," derober; chiper; piquer; barboter"
"547","285","epervier",""
"548","285","crecerelle"," emerillon; emouchet; epervier; gerfaut; hobereau; laneret; lanier; pelerin; sacre; tiercelet"
"549","285","petit canon"," fauconneau"
"550","286","volerie",""
"551","286","affaitage",""
"552","287","se faufiler",""
"553","287","batir",""
"554","288","satyre"," chevre-pied; sylvain"
"555","288","avifaune",""
"556","289","contrefacteur"," faux-monnayeur; escroc; fripon"
"557","290","abimer",""
"558","290","falsifier"," denaturer; contrefaire; deformer; adulterer; alterer; farder; frelater; maquiller; pervertir; travestir; vicier"
"559","290","courber"," bossuer; bosseler; plier; tordre; forcer"
"560","290","fausser compagnie",""
"561","291","abandonner"," quitter"
"562","292","hypocrisie"," duplicite; fourberie; deloyaute; pharisaisme; tartufferie; affectation; contrefaçon; dissimulation"
"563","292","mensonge"," erreur; imposture; inexactitude; tromperie"
"564","293","societe"," delit; forfait; peche; inconduite; infraction; crime; mefait; offense; chute; mauvaise action; negligence; peccadille"
"565","293","etat"," absence; manque; privation; defaut"
"566","293","langue"," erreur; inattention; inexactitude; irregularite; omission; abus; anachronisme; lapsus; sottise; tort"
"567","294","siege"," place"
"568","295","excitateur"," instigateur; fomentateur; provocateur"
"569","296","defectueux"," vicieux"
"570","296","coupable",""
"571","297","bete feroce"," bete sauvage; carnassier; carnivore; felin; lion; panthere; tigre; leopard"
"572","297","roux"," roussatre; jaune; mordore"
"573","298","qualite"," inexact; infidele; incorrect; imaginaire; errone; controuve; injuste; insoutenable; invente; mal fonde; irrationnel; mensonger; vain; suppose; pretendu"
"574","298","etat"," falsifie; contrefait; copie; factice; altere; artificiel; feint; frelate; pastiche; plagie; postiche; simule; sophistique; trompeur; truque"
"575","298","musique"," discordant"
"576","298","trait de caractere"," fourbe; hypocrite; sournois; tortueux; traitre; machiavelique; perfide"
"577","298","objet"," copie; pastiche; contrefaçon"
"578","298","fait"," mensonge; illusion"
"579","298","technique"," faucille; fauchon; faucard; fauchard"
"580","299","canular"," fausse nouvelle; farce"
"581","300","mousse",""
"582","301","excuse"," pretexte; echappatoire; atermoiement; fuite"
"583","302","faute"," faiblesse; ecart de conduite"
"584","302","chute"," glissade"
"585","303","estime"," popularite; vogue; consideration"
"586","303","privilege"," avantage; credit; honneur; pouvoir; service"
"587","303","complaisance"," grace; amour; bienfait; bon office; amitie; benediction; plaisir"
"588","303","bienveillance"," appui; bonnes graces"
"589","303","en faveur de",""
"590","304","commode"," propice; opportun; avantageux; convenable; bon; heureux"
"591","304","accommodant"," bienveillant; complaisant; clement; indulgent; obligeant; secourable; sympathique"
"592","304","se rendre favorable",""
"593","305","bien"," heureusement; avantageusement"
"594","306","prefere"," mignon; courtisan; chouchou"
"595","306","prefere"," elu; privilegie; protege"
"596","306","patte"," patte de lapin; rouflaquette"
"597","307","privilegie"," heureux; bien loti"
"598","308","faciliter"," feconder"
"599","308","aider"," avantager; encourager; seconder; proteger; soutenir"
"600","309","dermatose"," teigne; pelade"
"601","310","sous-officier rengage",""
"602","310","haricot sec",""
"603","311","fidele"," devoue; loyal"
"604","311","partisan"," ami devoue; ami fidele"
"605","312","nerveux"," enerve; excite"
"606","312","fievreux",""
"607","313","agitation"," excitation; nervosite"
"608","314","excrements"," defecation"
"609","315","personne, animal"," prolifique"
"610","315","nature"," fertile; productif; genereux; riche"
"611","315","fait"," fructueux; abondant; inepuisable; riche"
"612","316","fertiliser"," impregner"
"613","316","engendrer",""
"614","316","enrichir",""
"615","317","fertilite"," productivite"
"616","317","faculte de reproduction",""
"617","317","richesse",""
"618","318","fedayin",""
"619","319","resistant palestinien"," fedai"
"620","320","association"," groupement; societe; ligue; union; syndicat; amicale"
"621","321","magique"," merveilleux; fantastique"
"622","322","dissimuler"," mentir; deguiser"
"623","322","simuler"," affecter; faire semblant; imiter; contrefaire"
"624","323","artificiel"," simule"
"625","323","faux"," fictif; factice; controuve; imaginaire; de commande"
"626","324","dissimulation"," hypocrisie; mensonge; comedie; ruse; simulation; tromperie; artifice; deguisement"
"627","324","piege"," attrape"
"628","325","tromper par une feinte",""
"629","325","faire une feinte",""
"630","325","tromper"," rouler; avoir; posseder"
"631","326","un peu fou",""
"632","326","ebreche"," lezarde; craquele"
"633","327","se feler",""
"634","328","eloge"," glorification; louange; panegyrique; applaudissement"
"635","328","compliment"," congratulation"
"636","329","bonheur"," beatitude; bien-etre; contentement; joie; paradis; plaisir; prosperite; delices; enchantement; extase; fortune; aise; chance"
"637","330","relation"," applaudir; approuver; complimenter; louer; vanter; saluer"
"638","331","louer de",""
"639","332","fauve",""
"640","333","deloyal"," hypocrite; infidele; traitre; rebelle"
"641","334","trahison"," forfaiture"
"642","334","deloyaute"," acte deloyal; infidelite"
"643","335","fente"," cassure; fissure"
"644","336","trait de caractere"," effemine; feministe"
"645","337","personne"," epouse; conjointe; compagne; [informal] bonne femme; [informal] nana; [informal] pepee; [informal] souris"
"646","337","femme grande et maigre"," [informal] cheval; echalas; grande perche; sauterelle; grande bringue"
"647","337","jolie femme"," beaute; pin-up"
"648","337","femme petite et grosse"," [informal] tonneau; boudin"
"649","337","femme autoritaire"," dragon; gendarme"
"650","338","bonne"," servante; femme de menage; cameriste; soubrette"
"651","339","bonne"," servante; femme de chambre; cameriste; soubrette"
"652","340","demi-mondaine",""
"653","341","recolte"," foin; moisson"
"654","342","bravache"," fier-a-bras; matamore; rodomont"
"655","343","gerce"," lezarde"
"656","344","se fendiller",""
"657","345","feler"," lezarder; creuser; crever; rainer; rayer; strier"
"658","345","diviser"," couper; ecarter; ouvrir; separer; sectionner; inciser; penetrer; traverser; briser; dechirer"
"659","345","se fendre"," se fendre de"
"660","346","ouvert"," gerce; fele"
"661","347","construction"," ouverture; baie; bow-window; hublot; lucarne; chassis; croisee; œil-de-bœuf; tabatiere; vasistas; vitrail; vitrine"
"662","348","felure"," fissure; brisure; cassure; crevasse; lezarde"
"663","348","creux"," cavite; excavation; intervalle; ouverture; trou; vide; jour; judas"
"664","348","scissure"," gerçure; commissure"
"665","348","rainure"," rayure; echancrure; ride; striure"
"666","348","meurtriere"," chantepleure"
"667","349","moyen age",""
"668","350","epee"," fleuret"
"669","350","metal",""
"670","350","ferrure",""
"671","350","alliages de fer"," battre le fer; chemin de fer; debris de fer; de fer; en fer a cheval; fer-blanc; fer de lance; en fer de lance; fer etame; fer lamine; garniture en fer; minerais de fer; les quatre fers en l air; tomber les quatre fers en l air"
"672","351","fer etame"," tole"
"673","352","pointe",""
"674","353","fer-blanc",""
"675","354","tole",""
"676","355","exploitation",""
"677","355","affermage"," metayage"
"678","356","agrafe"," fermoir de livre"
"679","357","consistant"," dur; resistant; fort; solide; rigide; ancre; vigoureux; homogene"
"680","357","inflexible"," resolu; imperturbable; impassible; inebranlable; intransigeant; persistant; rigoureux; resolu; tenace; constant; energique; decide; determine; assure"
"681","357","fixe"," stable"
"682","357","cession de jouissance"," convention de louage"
"683","357","domaine rural"," exploitation agricole; metairie"
"684","357","charpente"," comble"
"685","358","enclos"," enferme"
"686","358","clos"," barricade; verrouille; cadenasse; mure"
"687","358","bouche"," obstrue"
"688","358","condamne"," interdit"
"689","358","rebelle"," impenetrable; indocile; etranger; renferme; taciturne"
"690","359","maniere"," energiquement; constamment"
"691","360","agent"," germe; cause; levain; source"
"692","360","levure"," levain; moisissure; enzyme; bacterie"
"693","361","agitation"," bouillonnement; effervescence; surexcitation; remous; fievre"
"694","361","ebullition"," travail"
"695","362","s agiter"," s echauffer; bouillonner; mijoter"
"696","362","lever"," chauffer; travailler"
"697","363","entourer"," cerner; enclore; enfermer"
"698","363","clore"," barricader; verrouiller; cadenasser; murer; sceller"
"699","363","boucher"," obstruer"
"700","363","interdire"," condamner; empecher l acces; ecluser; barrer le passage; endiguer; aveugler"
"701","363","arreter"," eteindre; terminer; couper; disjoncter"
"702","363","fixer"," agrafer; boutonner; cacheter"
"703","363","faire relache"," faire la semaine anglaise; chomer"
"704","363","se fermer",""
"705","364","resolution"," assurance; audace; certitude; courage; decision; energie; hardiesse; sang-froid; endurance"
"706","364","solidite"," consistance; resistance; force; durete; stabilite; vigueur"
"707","364","constance"," tenacite; volonte; opiniatrete"
"708","364","fermete d ame"," sans fermete"
"709","365","serrure"," verrou; clef; cadenas; loquet"
"710","365","barricade"," barrage; cloture; grille; porte; vantail; volet; tampon; occlusion; chassis"
"711","365","arret"," cessation; suspension; interdiction"
"712","366","droit"," metayer; tenancier; locataire"
"713","366","fonction"," agriculteur; cultivateur; paysan; exploitant agricole"
"714","367","animal"," sanguinaire; sauvage"
"715","367","personne"," barbare; cruel; brutal; violent; acharne; sadique; inhumain; impitoyable; implacable; insensible"
"716","367","maniere"," terrible"
"717","368","barbarie"," atrocite; brutalite; cruaute; inhumanite; sauvagerie; furie; sevices; violence"
"718","369","objet"," assemblage metallique; vehicule"
"719","369","limaille"," debris de metaux; bouts de fer; copeaux; dechets; rebuts"
"720","369","petite monnaie"," mitraille"
"721","370","se battre"," combattre; lutter; se disputer; en decoudre"
"722","370","croiser le fer"," se battre a l arme blanche; escrimer; se battre en duel"
"723","371","querelleur",""
"724","371","bretteur"," duelliste"
"725","371","marchand de ferraille",""
"726","371","brocanteur",""
"727","372","marteau de marechal-ferrant",""
"728","373","instruit"," erudit; savant; tres competent; fort; cale"
"729","373","barde"," garni de fer; pare; protege"
"730","374","ferratier",""
"731","375","charniere"," gond; ferronnerie; garniture de fer; instrument en fer; serrure; penture"
"732","376","oppression"," esclavage"
"733","376","chaines"," liens"
"734","377","quantite"," fecond; fructueux; prolifique; riche; prodigue; abondant; genereux; producteur; productif"
"735","378","ameliorer"," amender; feconder; bonifier"
"736","379","fecondite"," richesse"
"737","380","passionne"," epris"
"738","381","autorite"," pouvoir; direction"
"739","382","fanatique"," admirateur"
"740","382","ardent"," brulant; chaud; enthousiaste; fanatique; zele; mystique; pieux"
"741","383","devotion"," amour; recueillement; piete; onction; zele"
"742","383","ardeur"," chaleur; enthousiasme; exaltation; feu; flamme; force"
"743","384","defaite"," raclee; deculottee; torchee"
"744","384","correction"," coup; fustigation"
"745","385","battre"," corriger; frapper; taper; flageller"
"746","386","repas"," banquet; agapes; bombe; bombance; ripaille; gueuleton; brifeton; lippee"
"747","387","gala"," recital"
"748","387","festivite"," fete"
"749","387","celebration"," kermesse; foire; manifestation"
"750","388","rejouissance"," allegresse"
"751","388","festival"," celebration; manifestation; partie; kermesse; ceremonie"
"752","389","decorer"," broder"
"753","390","jouisseur"," viveur; noctambule; noceur"
"754","391","amusement"," divertissement; plaisir; rejouissance"
"755","391","solennite"," commemoration; anniversaire; jubile; ceremonie"
"756","391","gala"," bal; soiree; reception"
"757","391","festin",""
"758","391","festival",""
"759","391","kermesse",""
"760","391","faire la fete",""
"761","392","fait"," celebrer; commemorer; solenniser; [informal] arroser"
"762","393","amulette"," idole; talisman; porte-bonheur; mascotte"
"763","394","idolatrie"," veneration; superstition"
"764","395","puant"," malodorant; nauseabond; repugnant; empeste; repoussant; degoutant; ecœurant; immonde; infect; pestilentiel; putride; mephitique"
"765","396","puanteur"," infection"
"766","397","defunt",""
"767","397","incendie"," embrasement; combustion; brasier; flambee; sinistre"
"768","397","famille"," foyer; menage"
"769","397","lumiere"," lueur; fanal; signal"
"770","397","ardeur"," chaleur; exaltation; entrainement; ferveur; fougue; vehemence; vivacite; conviction"
"771","397","trouble"," agitation; revolution"
"772","397","amour"," flamme; passion"
"773","397","faire long feu"," feu du ciel; feux; mettre le feu a; prendre feu"
"774","398","charmille"," tonnelle; dais; berceau; ombrage"
"775","398","frondaison"," feuillee; ramee; ramure; verdure; feuilles"
"776","398","chevelure",""
"777","399","page"," petit ecrit; imprime; carton; document; papier; formulaire; feuillet; journal; gazette"
"778","399","fibre"," lame; lamelle; plaque"
"779","399","oreille",""
"780","399","feuilles"," feuille de chou"
"781","400","feuillu"," touffu"
"782","401","mauvais journal",""
"783","402","feuillees",""
"784","402","ombrage"," abri; ramee; tonnelle; treille; feuillage; ramee"
"785","403","verdure"," feuillage; vegetation; petales; folioles; frondaison"
"786","404","consulter"," parcourir; lire"
"787","405","touffu"," fourni; garni; feuille"
"788","406","silencieux"," discret; etouffe; ouate"
"789","406","garni de feutre",""
"790","407","chaleur",""
"791","408","faire fi de",""
"792","409","carrosse"," landau; voiture; cab; citadine; coupe; victoria"
"793","410","personne"," futur; pretendu; promis"
"794","411","sentiment"," corde"
"795","411","nerf"," fibrille; ligament"
"796","412","filandreux"," nerveux"
"797","413","boucle"," agrafe; broche"
"798","414","vetu"," habille; fagote"
"799","414","attache"," lie"
"800","415","habiller"," vetir"
"801","415","attacher"," corder; lacer; lier; serrer; brider"
"802","416","astuce"," truc; artifice; subterfuge; carotte"
"803","416","cable"," cordage; fil; filiere"
"804","416","procede"," maniere; formule; procedure"
"805","416","baguette de pain",""
"806","416","galon",""
"807","417","introduire"," enfoncer; faire penetrer; clouer; fixer; planter; visser"
"808","417","immobiliser sur"," arreter sur"
"809","417","faire"," travailler"
"810","417","appliquer"," flanquer"
"811","417","ficher a la porte"," ficher dehors; ficher le camp; ficher par terre; se ficher"
"812","418","condamne"," perdu; fini; use"
"813","418","mauvais"," maudit; detestable; inconvenant; sacre; foutu"
"814","418","chale"," echarpe; foulard; pointe; carre; mantille"
"815","418","fichu de"," mal fichu"
"816","419","faux"," feint; factice; deguise"
"817","419","invente"," allegorique; fabuleux; imaginaire; utopique"
"818","419","conventionnel"," suppose; extrinseque"
"819","420","interpretation"," invention; imagination; fable; mythe; utopie; conte; allegorie; allusion; chimere"
"820","420","economie"," convention"
"821","420","fait"," mensonge; dissimulation"
"822","421","conforme"," exact; veridique; vrai; correct"
"823","421","devoue"," loyal; honnete; sur; probe; constant; perseverant; sincere; scrupuleux; attache; attentif; bon; solide"
"824","421","adepte"," croyant; proselyte; ouaille; paroissien; pratiquant"
"825","421","etre fidele a",""
"826","422","docilement"," exactement; scrupuleusement"
"827","423","qualite"," devouement; loyalisme; attachement; constance"
"828","423","fait"," honnetete; exactitude; objectivite; sincerite; verite; correction"
"829","423","technique"," fiabilite"
"830","424","fini"," acheve; complet; parfait; consomme"
"831","425","haine"," animosite; antipathie; acrimonie; aigreur; mechancete; humeur; venin"
"832","425","bile",""
"833","425","chagrin"," douleur; peine; amertume; rancœur"
"834","426","desagreable"," haineux; mechant; envenime; viperin"
"835","427","trait de caractere"," orgueilleux; dedaigneux; hautain; pretentieux; arrogant; meprisant; altier; haut; distant; suffisant"
"836","427","fier de"," content; heureux; satisfait"
"837","427","qualite"," noble; digne"
"838","428","bravache"," fanfaron; fendant; matamore"
"839","429","content"," satisfait; heureux"
"840","430","panache",""
"841","431","courageusement"," bravement; dignement; le front haut; cranement"
"842","432","orgueil"," presomption; dedain; hauteur; arrogance; vanite; morgue; condescendance"
"843","432","hardiesse"," intrepidite; vigueur"
"844","432","dignite",""
"845","432","contentement"," satisfaction"
"846","433","agitation"," excitation; emotion; animation; febrilite; fougue; passion; chaleur; folie"
"847","433","temperature"," pyrexie; febricule; suette; malaria; paludisme"
"848","434","brulant"," chaud; febrile; maladif"
"849","434","febrile"," inquiet; agite; ardent; passionne; tourmente; trouble"
"850","435","pipeau"," flute"
"851","436","contraint"," sclerose; immobilise; paralyse"
"852","436","solidifie"," coagule; congele; glace; petrifie; epaissi; caille"
"853","437","petrifier"," paralyser; immobiliser"
"854","437","coaguler"," condenser; cristalliser; durcir; congeler; epaissir; solidifier; cailler"
"855","437","se figer",""
"856","438","orner",""
"857","438","soigner"," finir; parfaire; parachever"
"858","439","acteur"," doublure; second role; comparse"
"859","440","non figuratif",""
"860","441","copie"," fac-simile; dessin; plan; schema; carte"
"861","441","representation"," symbole; image"
"862","442","apparence"," air; aspect; maintien; maniere; mine; façon; forme; configuration; conformation; contenance; expression"
"863","442","visage"," physionomie; face; tete; traits; facies; frimousse; bouille; binette; bille; bobine; gueule"
"864","442","portrait"," image; illustration; effigie; esquisse; representation; silhouette; symbole; schema; metaphore; allusion"
"865","442","personnage"," personnalite; type; idole; caractere; nom"
"866","442","faire figure de",""
"867","443","langue"," image"
"868","444","paraitre"," jouer un role; representer; compter; tenir un rang"
"869","444","representer"," dessiner; peindre; former; sculpter; donner l aspect; avoir la forme"
"870","444","se figurer",""
"871","445","lame"," tranchant"
"872","445","suite"," cours; enchainement"
"873","445","telephone"," bigophone"
"874","445","former des fils",""
"875","446","complique"," ampoule; entortille; fumeux; verbeux"
"876","446","fibreux"," coriace"
"877","447","position"," colonne; rangee; procession; rang; defile; queue"
"878","448","derouler"," devider"
"879","448","tisser"," tordre"
"880","448","tenir"," developper"
"881","448","decouvrir progressivement",""
"882","448","former des fils"," monter en fumant"
"883","448","couler"," se derouler; glisser"
"884","448","aller tres vite"," courir; foncer; passer en courant"
"885","448","epier"," suivre"
"886","448","fuir"," partir; s en aller; decamper; deguerpir; s esquiver; s echapper; se retirer; disparaitre"
"887","448","donner"," refiler"
"888","449","ecoulement fin",""
"889","449","listel",""
"890","449","chateaubriant"," tournedos"
"891","449","resille",""
"892","449","epuisette"," nasse; senne; sardinier; langoustier; thonaire; ableret; araignee; balance; bastude; bolier; bouterolle; carrelet; chalut; drague"
"893","449","lacet"," panneau; rets; pan de rets; pan; araignee; allier; lacs; pantiere; ridee; tirasse"
"894","449","porte-bagages"," reseau"
"895","449","embuche"," souriciere; piege"
"896","450","consanguinite"," cognation"
"897","450","genealogie"," descendance; famille; lignee; generation"
"898","450","enchainement"," liaison"
"899","451","hierarchie"," canal; suite de formalites"
"900","451","etireuse",""
"901","451","ordre de livraison",""
"902","452","cordage"," cable"
"903","453","fillette"," demoiselle; adolescente; jouvencelle; catherinette; poulette; tendron; poule; nana; poupee; pepee; souris; frangine; gonzesse"
"904","453","descendante"," enfant; heritiere"
"905","453","vieille fille",""
"906","454","adolescente"," demi-bouteille"
"907","454","petite fille",""
"908","455","cinematographier"," tourner"
"909","456","veine"," strate; dyke; couche; masse; source"
"910","456","mine"," chance"
"911","456","combine"," place; aubaine; planque"
"912","457","escroc"," tricheur; voleur; fripon; pickpocket; estampeur"
"913","458","tricher au jeu",""
"914","458","voler"," escroquer; frauder"
"915","459","chantage"," escroquerie; tricherie; larcin; carotte"
"916","460","personne"," garçon; [informal] fiston; petit; enfant; sang; heritier; [informal] gars; rejeton; progeniture"
"917","461","fruit"," effet; resultat; consequence"
"918","461","autodidacte"," self-made-man"
"919","462","disciple",""
"920","463","purificateur"," bougie; epurateur"
"921","463","percolateur"," passoire"
"922","463","verification",""
"923","464","tamise"," epure; purifie; assaini; clarifie; limpide; naturel; propre; salubre; ethere"
"924","465","mouvement"," couler; passer; secreter; suinter; transsuder"
"925","465","qualite"," epurer; clarifier; purifier"
"926","466","ruse"," astucieux; adroit; avise; delie; malin; penetrant; perspicace; clairvoyant; sagace; spirituel; subtil"
"927","466","svelte"," tenu; delie; grele; leger; menu; mince"
"928","466","delicat"," sensible; suave; affable"
"929","466","superieur"," pur; precieux; elegant; joli; soyeux"
"930","466","but"," destination; objet; motif; finalite"
"931","466","bout"," conclusion; denouement; solution; terme; terminaison; epilogue; couronnement; issue; limite; cloture; confins; extremite"
"932","466","chute"," ruine; tombee"
"933","466","mort"," trepas; agonie; deces; disparition"
"934","466","a la fin"," devenir fin; mettre fin; mettre fin a; prendre fin; sans fin"
"935","467","dernier"," extreme; ultime"
"936","468","definitivement"," sans retour"
"937","468","enfin"," a la fin; en definitive; en fin de compte"
"938","469","finances",""
"939","470","commanditer",""
"940","470","payer",""
"941","471","banque"," bourse; affaires; capital; capitalisme; commerce; credit"
"942","471","argent"," ressources; biens; budget; fonds; recettes; depenses; tresor; tresorerie; comptabilite"
"943","472","pecuniaire"," materiel"
"944","472","banquier"," boursier; agent de change; capitaliste; coulissier; gerant; gestionnaire; regisseur"
"945","473","finassier",""
"946","474","finasseur"," finaud"
"947","475","malin"," matois; madre; malicieux; roue; ruse; fin; fute; habile; retors; roublard; finassier"
"948","476","gourmet"," gastronome; gourmand"
"949","477","adroitement"," astucieusement; habilement"
"950","478","sensibilite"," acuite; sagacite; clairvoyance; subtilite; perspicacite; penetration; tact"
"951","478","minceur"," delicatesse; etroitesse; tenuite; petitesse"
"952","478","delicatesse"," elegance; distinction; grace; beaute"
"953","478","artifice"," stratageme; ruse"
"954","479","acheve"," accompli; termine; consomme; revolu"
"955","479","delimite"," defini; borne"
"956","479","use"," suranne"
"957","479","disparu"," evanoui; perdu"
"958","479","parfait"," soigne; etudie; poli"
"959","479","fatigue"," epuise"
"960","479","mort"," fichu; foutu"
"961","479","mechant"," sacre; fichu; fieffe"
"962","480","polir"," parachever; fignoler; lecher; parfaire"
"963","480","achever"," accomplir; conclure; terminer; conduire a terme; resoudre; solutionner"
"964","480","cesser"," arreter; clore; discontinuer; ne pas continuer; lever; mettre fin a; mettre un terme a"
"965","480","decider"," regler; vider"
"966","480","se terminer"," tarir; cesser; prendre fin; s achever; s arreter; aboutir"
"967","480","perir"," mourir; passer"
"968","480","finir a",""
"969","481","figure"," tete; bouille"
"970","481","petite bouteille"," flacon; ampoule; topette"
"971","482","ornement",""
"972","483","ciel"," ether; azur; empyree"
"973","484","maison"," etablissement; societe; compagnie"
"974","485","finances"," Tresor public; finances publiques; impots; assiette fiscale; contributions directes; percepteur; fiscalite"
"975","486","fente"," felure; cassure; scissure; rayure; sillon; crevasse; lesion; lezarde; pore"
"976","487","reglementation"," limitation; determination"
"977","488","etat"," determine; defini; irrefragable; irrevocable; regle; precis; droit"
"978","488","position"," immobile; fixe; immuable; invariable; stable; solide; stationnaire; visse; ancre; ineffaçable"
"979","488","duree"," continuel; periodique; permanent; regulier; assure; constant"
"980","489","devisage",""
"981","489","accroche"," affermi; assujetti; maintenu; visse; plante; rive; cloue; attache; immobilise; ancre; enracine"
"982","489","determine"," precise; defini; formule; regle"
"983","489","fixe d avance",""
"984","490","determiner"," preciser; arreter; delimiter; designer; assigner; specifier; imposer; prescrire; reglementer; regler; formuler; indiquer"
"985","490","attacher"," consolider; accrocher; affermir; ancrer; assujettir; assurer; immobiliser; implanter; river; sertir; visser; caler"
"986","490","attirer"," captiver; conquerir; gagner; retenir"
"987","490","cristalliser"," peindre; sculpter; graver"
"988","490","regarder"," reperer"
"989","490","renseigner"," mettre au fait de; ecrire"
"990","490","se fixer",""
"991","491","flaque"," creux; mare"
"992","491","depression",""
"993","492","bouteille"," fiole"
"994","493","maltraiter"," fouetter; fustiger; battre; chatier; fesser; fouailler"
"995","493","satiriser"," attaquer violemment; cingler de critiques"
"996","494","chancelant"," mou"
"997","495","flute a bec",""
"998","495","haricot"," fayot"
"999","496","flatter"," cajoler; passer de la pommade; lecher les bottes; lecher les fesses; lecher le cul"
"1000","497","adulateur"," flatteur; louangeur; courtisan; leche-fesses; leche-cul"
"1001","497","flatteur"," louangeur"
"1002","498","certain"," constant; evident; incontestable; patent; criant"
"1003","499","instinct"," clairvoyance; odorat; perspicacite; intuition"
"1004","500","pressentir"," deviner; prevoir; soupçonner; se douter de"
"1005","500","sentir"," humer"
"1006","501","brillant"," etincelant; flamboyant; reluisant; rutilant; scintillant; eclatant"
"1007","501","brulant"," ardent"
"1008","502","gai luron",""
"1009","502","flambart"," charbon a demi consume"
"1010","502","faire le flambard",""
"1011","503","flambard",""
"1012","504","iris",""
"1013","504","epee",""
"1014","504","feu clair"," flambee"
"1015","505","perdu"," ruine; fichu; foutu"
"1016","505","passe a la flamme",""
"1017","506","objet"," fanal; chandelier; candelabre; torche; torchere"
"1018","506","savoir"," lumiere"
"1019","507","augmentation"," elevation"
"1020","507","feu",""
"1021","507","explosion d un sentiment",""
"1022","508","etinceler"," flamboyer; scintiller; briller"
"1023","508","bruler",""
"1024","508","faire flamber",""
"1025","509","epee"," rapiere"
"1026","510","ardent"," eclatant; etincelant; flambant; scintillant; brillant; resplendissant; rutilant"
"1027","511","briller"," petiller"
"1028","511","flamber"," rougeoyer; bruler"
"1029","512","lueur"," lumiere; eclat; clarte"
"1030","512","feu",""
"1031","512","passion"," zele; amour; animation; ardeur; ferveur"
"1032","512","drapeau"," banderole; banniere"
"1033","513","parcelle enflammee",""
"1034","514","sein"," entrailles"
"1035","514","cote"," aile; hanche"
"1036","515","ceder"," faiblir; mollir; abandonner; reculer; craquer"
"1037","516","grand"," mince; dadais"
"1038","517","mouvement"," se promener; se balader; baguenauder; errer; battre le pave; muser; musarder; lecher les vitrines"
"1039","517","maniere, duree"," trainer; lanterner; lambiner; [informal] flemmarder; [informal] trainasser"
"1040","518","badaud",""
"1041","518","oisif"," desœuvre; lambin; musard"
"1042","518","badaud"," promeneur"
"1043","518","oisif"," desœuvre; trainard; lambin; musard"
"1044","519","accompagner",""
"1045","519","garnir sur les flancs",""
"1046","519","entourer"," appuyer; defendre; proteger"
"1047","519","lancer"," jeter; donner; administrer; appliquer; envoyer"
"1048","519","flanquer a la porte"," flanquer une volee"
"1049","520","epuise"," ereinte; fatigue; esquinte"
"1050","521","mare"," flache"
"1051","522","faible"," inerte; amorphe; anemique; sans vigueur"
"1052","522","mou"," mollasse; avachi"
"1053","522","petit flacon",""
"1054","523","charmer"," delecter; chatouiller; exciter; plaire a; faire plaisir"
"1055","523","caresser"," cajoler; caliner"
"1056","523","embellir"," enjoliver; idealiser"
"1057","523","favoriser"," encourager"
"1058","523","leurrer"," bercer"
"1059","523","aduler"," flagorner; honorer; vanter; louanger; louer; complimenter; courtiser; encenser; faire des courbettes"
"1060","523","se flatter",""
"1061","524","compliment"," adulation; courbette; flagornerie; louange; coups d encensoir"
"1062","525","obsequieux"," caressant; insinuant; laudatif; mielleux; papelard; patelin; peloteur; calin; emmielle; plat"
"1063","525","agreable"," delectable; doux; elogieux; seduisant; suave; obligeant; avantageux"
"1064","525","flagorneur"," louangeur; adulateur; thuriferaire; enjoleur; hypocrite; caudataire; courtisan; faiseur de courbettes; valet; encenseur"
"1065","526","meteorisme"," enflure; ballonnement; vent"
"1066","527","vent"," borborygme; gargouillement"
"1067","528","desastre"," cataclysme; catastrophe; sinistre; ruine; calamite; cholera; plaie"
"1068","529","comme une fleche",""
"1069","529","projectile"," trait; carreau; dard; flechette"
"1070","530","baisse"," diminue"
"1071","530","courbe"," plie; ploye"
"1072","530","calme"," attendri; adouci; desarme; emu; touche"
"1073","531","ebranler"," adoucir; desarmer; attendrir; gagner a sa cause; toucher"
"1074","531","plier"," ployer; arquer; courber"
"1075","531","faiblir"," ceder"
"1076","532","flexion"," inflexion; courbure"
"1077","533","calme"," impassible; lymphatique; placide; lent; imperturbable; froid; pose"
"1078","534","avec flegme"," imperturbablement; impassiblement"
"1079","535","calme"," decontraction; impassibilite; froideur; placidite; indifference; mollesse; sang-froid; maitrise; apathie; detachement"
"1080","536","flemmard",""
"1081","537","paresseux"," mou; cossard"
"1082","538","use"," bleme; tape; vieilli; depenaille; ratatine"
"1083","539","faner"," ternir; decolorer; defraichir; rider; secher; alterer"
"1084","539","avilir"," ternir; enlaidir; corrompre; souiller; tarer"
"1085","539","stigmatiser"," condamner; blamer; deprecier; deshonorer; honnir; vouer a l opprobre"
"1086","539","se fletrir",""
"1087","540","discredit"," imprecation; deshonneur; infamie; souillure; opprobre; stigmate"
"1088","540","dessechement"," defloraison"
"1089","541","societe"," elite; creme; [informal] gratin"
"1090","542","odorant"," sentant"
"1091","543","embaumer"," parfumer; exhaler; sentir bon"
"1092","544","conter fleurette",""
"1093","545","brillant"," vif; colore; frais"
"1094","546","briller"," prosperer; se developper; etre florissant; progresser; faire flores"
"1095","546","s epanouir"," eclore"
"1096","546","orner"," parer; embellir"
"1097","547","nature"," riviere; flot; courant; cours; onde"
"1098","548","docilite",""
"1099","548","elasticite"," souplesse"
"1100","549","docile"," malleable; souple; maniable; pliant"
"1101","549","plastique"," pliable; souple; elastique; malleable; maniable; mou; tendre"
"1102","549","rendre flexible",""
"1103","550","courbure"," flechissement; inflexion"
"1104","551","sinueux"," onduleux; serpentin"
"1105","552","bandit"," homme malhonnete"
"1106","552","pirate"," corsaire; ecumeur; boucanier"
"1107","553","policier"," agent de police; agent de la surete; gardien de la paix; sergent de ville; commissaire de police; poulet; cogne; conde; roussin; argousin"
"1108","554","flingue"," fusil"
"1109","555","flingot",""
"1110","556","se flinguer",""
"1111","556","tirer sur quelqu un",""
"1112","557","amoureux",""
"1113","557","amourette"," amant; beguin; amour; caprice"
"1114","558","agglutination"," precipitation; coagulation; ecume"
"1115","559","refrain",""
"1116","559","accords bruyants",""
"1117","560","grande quantite"," ribambelle; cargaison"
"1118","561","faire flores",""
"1119","562","resplendissant"," tres bon"
"1120","562","riche"," prospere; fortune; en pleine expansion; heureux; lance; parvenu"
"1121","562","etre florissant",""
"1122","563","maree"," flux; courant"
"1123","564","abondance"," affluence; multitude; deluge; foule; debordement; profusion; mer; torrents"
"1124","564","vagues"," onde; houle; lame"
"1125","565","incertain"," irresolu; indecis; confus; vague"
"1126","565","mobile"," changeant; oscillant; vacillant; variable; versatile; voltigeant; papillotant"
"1127","565","libre"," epars; echevele"
"1128","566","flotteur"," bouchon"
"1129","566","escadre"," marine"
"1130","566","eau"," pluie"
"1131","567","hesitation"," incertitude; indecision"
"1132","567","fluctuation"," agitation; balancement"
"1133","568","claquer au vent",""
"1134","568","naviguer"," surnager; ondoyer; onduler; emerger; etre porte; nager; se soutenir; voguer"
"1135","568","hesiter"," etre incertain"
"1136","568","errer"," voltiger; aller au hasard; n etre pas retenu; s agiter; tatonner"
"1137","568","pleuvoir",""
"1138","569","incertain"," vague; indecis; nebuleux"
"1139","569","brumeux"," vaporeux; fondu; indistinct; efface; leger"
"1140","570","finances"," argent; [informal] fric; [informal] peze; [informal] pognon; [informal] oseille"
"1141","571","incertain"," inconstant; instable; flottant"
"1142","572","flottement"," changement; hesitation; incertitude; indecision; irresolution; variation"
"1143","572","oscillation"," balancement; instabilite; va-et-vient"
"1144","573","couler"," s ecouler; s epancher"
"1145","574","mince"," faible; chetif; delicat; elance; grele; petit; frele; maigre; menu; gracile; efflanque; debile"
"1146","575","inconsistant"," fluctuant; indecis; insaisissable"
"1147","575","coulant"," limpide; liquide; clair"
"1148","575","liquide",""
"1149","575","emanation"," flux; onde; radiation"
"1150","575","peu fluide",""
"1151","576","facilite"," regularite"
"1152","577","fifre"," flageolet; chalumeau; piccolo; pipeau"
"1153","577","zut",""
"1154","577","jouer des flutes"," se tirer des flutes"
"1155","578","petite flute"," flageolet; flutiau; chalumeau"
"1156","579","fluteau",""
"1157","580","ecoulement",""
"1158","580","maree montante"," flot; vague"
"1159","580","abondance"," afflux; profusion; debordement"
"1160","581","embryon"," œuf; germe"
"1161","582","confiance"," creance; opinion; persuasion; autorite; conviction; temoignage"
"1162","582","fidelite"," exactitude; sincerite; droiture; franchise; honnetete; veracite"
"1163","582","religion"," croyance; confession; dogme"
"1164","582","promesse"," serment; engagement"
"1165","582","ajouter foi"," avoir foi en; avoir la foi; bonne foi; de bonne foi; ma foi; mauvaise foi; profession de foi"
"1166","583","tumulte"," scandale; petard"
"1167","583","fenaison"," fourrage"
"1168","584","champ de foire",""
"1169","585","economie"," exposition; salon; exhibition"
"1170","585","commerce"," marche"
"1171","585","societe"," fete foraine; kermesse; festivite; evenement"
"1172","585","faire la foire"," bringue; bombe; nouba; fete"
"1173","586","rater"," echouer lamentablement"
"1174","586","tourner sans mordre",""
"1175","586","avoir la diarrhee",""
"1176","587","diarrheique",""
"1177","587","lache"," peureux"
"1178","588","frequence"," chaque fois que; des fois; parfois; quelquefois"
"1179","589","a foison",""
"1180","589","profusion"," abondance"
"1181","590","abondance"," pullulement"
"1182","591","abonder"," pulluler; regorger"
"1183","592","gai"," badin; enjoue; jovial; joyeux; plaisant; vagabond; espiegle; folichon; guilleret"
"1184","593","batifoler"," badiner; s ebattre"
"1185","594","gai"," folatre; amusant; badin"
"1186","595","aberration"," deraison; divagation; egarement; insanite; aveuglement; inconscience; absurdite; delire; vesanie; monomanie"
"1187","595","demence"," alienation mentale; delire; psychose; nevrose; desequilibre mental; hallucination"
"1188","595","extravagance"," bizarrerie; frasque; fredaine; caprice; fantaisie; betise; manie; sottise; passion; marotte; toquade"
"1189","595","a la folie",""
"1190","596","tres"," a la folie; extremement; eperdument"
"1191","597","excitateur"," fauteur"
"1192","598","causer"," envenimer; exciter; allumer"
"1193","599","sombre"," obscur"
"1194","600","changer de couleur",""
"1195","600","creuser"," forer"
"1196","600","attaquer"," charger; se jeter sur; fondre sur"
"1197","600","filer"," aller tres vite; rouler a toute allure"
"1198","601","cadastre"," immeubles; impot sur les immeubles"
"1199","601","inne"," profond"
"1200","602","profondement"," fondamentalement"
"1201","603","position"," place; situation; poste; role; hierarchie"
"1202","603","emploi"," metier; occupation; profession; office; mission; ministere; service; affaire; charge; dignite"
"1203","603","etre fonction de"," faire fonction de; haute fonction"
"1204","604","budgetivore"," bureaucrate; rond-de-cuir; gratte-papier"
"1205","604","employe"," administrateur; agent"
"1206","605","fait"," marche; activite; action; jeu; travail; manœuvre"
"1207","606","actionner"," manœuvrer"
"1208","606","agir",""
"1209","606","travailler",""
"1210","606","marcher"," se mouvoir; aller; avancer; tourner"
"1211","606","faire fonctionner"," faire fonctionner prudemment"
"1212","607","substratum"," substance; base; contenu; sujet; theme; source; matiere; tissure; toile"
"1213","607","bas"," base; bas-fond; creux; cuvette; fondement; abysse"
"1214","607","essence"," nature; nœud; caractere; interieur; arriere-fond; realite profonde; secret"
"1215","607","champ"," perspective; plan"
"1216","607","a fond"," a fond de train; au fond"
"1217","608","principal"," primordial; capital; elementaire; foncier; initial; essentiel; premier; radical"
"1218","609","foncierement"," radicalement; totalement; essentiellement"
"1219","610","mouille"," ruisselant"
"1220","610","juteux"," aqueux"
"1221","611","createur"," batisseur; pere; chef"
"1222","612","donation"," legs"
"1223","612","creation"," formation; instauration; institution; constitution; etablissement"
"1224","612","base"," fondement; assise; assiette; armature"
"1225","613","mal fonde",""
"1226","613","vrai"," veridique; avere; juste; reel; serieux; solide; legitime; licite; rationnel"
"1227","614","base"," soutien; assise; appui"
"1228","614","motif"," cause; raison; principe; provenance; fond; germe; consistance; pretexte; preuve"
"1229","614","sans fondement",""
"1230","615","construction"," etablir; batir; creer; echafauder; edifier; eriger; constituer; instituer; organiser; ouvrir"
"1231","615","langue"," justifier; motiver; appuyer"
"1232","616","metallo"," metallurgiste"
"1233","617","combiner"," confondre; amalgamer; fusionner; incorporer; meler; reunir; unir; harmoniser"
"1234","617","liquefier"," dissoudre; delayer; diluer"
"1235","617","diminuer"," disparaitre; se dissiper"
"1236","617","se degeler"," se dissoudre; se liquefier"
"1237","617","maigrir",""
"1238","617","faire fondre"," fondre sur; se fondre"
"1239","618","s abattre sur"," se jeter sur; se ruer sur; se precipiter sur; s elancer sur; tomber sur; assaillir; charger; attaquer"
"1240","619","forteresse"," fort; blockhaus"
"1241","620","accidentel"," contingent; inattendu; inopine; occasionnel; imprevu"
"1242","621","accidentellement"," occasionnellement; par hasard; par accident; sans cause"
"1243","622","finances"," richesse; argent; biens; avoir; capital; patrimoine; ressources; moyens; aisance; opulence; tresor"
"1244","622","etat"," succes; prosperite; bonheur; felicite; aubaine"
"1245","622","fait"," hasard; chance; sort; destin; etoile"
"1246","623","prospere"," riche; florissant"
"1247","623","heureux"," chanceux"
"1248","624","creux"," excavation; cavite; trou; fosse; gouffre; fouille; tombe"
"1249","625","cassure"," coupure; abime; gouffre"
"1250","625","tranchee"," canal; rigole; ruisseau; saut-de-loup; excavation"
"1251","626","vieille baderne"," vieille barbe"
"1252","626","suranne"," demode; depasse; vieux"
"1253","627","fige"," arriere; petrifie"
"1254","627","petrifie",""
"1255","628","insense"," egare; ecervele; inconscient; bete; braque; timbre; toque; fele; maboul; cingle; cinoque"
"1256","628","malade mental"," dement; aliene; nevrose; desequilibre"
"1257","628","extravagant"," insense; absurde; anormal; deraisonnable; irrationnel; loufoque; dingue"
"1258","628","ardent"," enjoue; petulant; vif; gai; folatre"
"1259","628","amoureux"," engoue; epris; entiche"
"1260","628","grand"," enorme; beaucoup; terrible; excessif"
"1261","628","dement"," malade; nevrose; psychotique; aliene; desequilibre"
"1262","628","inconscient"," insense; idiot; maniaque; obsede; energumene; eperdu; fada; dingue; detraque; braque; cingle"
"1263","628","etre fou de",""
"1264","629","fougasse",""
"1265","630","fouetter"," battre; flageller; fustiger; cingler; cravacher"
"1266","631","elan capricieux"," caprice; emportement passager; fantaisie; toquade"
"1267","632","colere"," vengeance; courroux"
"1268","632","eclair"," tonnerre; feu du ciel"
"1269","632","tonneau"," futaille"
"1270","632","coup de foudre"," foudres"
"1271","633","condamnation"," excommunication"
"1272","634","brusque"," immediat; instantane; soudain; brutal; mortel"
"1273","634","fulgurant",""
"1274","635","terrasser"," renverser; tuer; aneantir"
"1275","635","frapper de la foudre",""
"1276","635","stupefier"," confondre; interdire; atterrer"
"1277","636","objet"," cravache; martinet; chat a neuf queues; chambriere; discipline; knout"
"1278","636","cuisine"," batteur"
"1279","637","agiter"," battre; meler"
"1280","637","fouailler"," flageller; cingler; fustiger"
"1281","637","stimuler"," allumer; exciter; animer; irriter; emoustiller"
"1282","638","fouace"," galette"
"1283","639","emportement"," emballement; ardeur; impetuosite; vehemence; elan; virulence; violence; entrain; passion; feu; fievre; mordant; precipitation"
"1284","640","emporte"," ardent; bouillant; enflamme; enthousiaste; impetueux; vehement; violent; petulant; explosif; vif; chaud; chaleureux; fanatique; indompte"
"1285","641","inspection"," examen; perquisition"
"1286","641","fosse"," ouverture; mine; puits"
"1287","641","visite"," recherche; reconnaissance"
"1288","642","battre"," explorer"
"1289","642","retourner"," creuser; fouir; miner"
"1290","642","fouger"," fouir"
"1291","642","visiter",""
"1292","642","inspecter"," examiner; perquisitionner"
"1293","642","approfondir"," rechercher; travailler; etudier"
"1294","642","fureter"," fourrager; fourgonner; trifouiller; farfouiller; fouiner"
"1295","642","se fouiller",""
"1296","643","fouineur"," rat de bibliotheque; fureteur"
"1297","644","desordre"," confusion; fatras; meli-melo; capharnaüm"
"1298","645","fouineur"," fureteur"
"1299","645","fouineur"," fureteur"
"1300","646","fouiller"," fureter"
"1301","647","curieux"," fureteur; fouinard"
"1302","647","curieux"," fureteur; fouinard"
"1303","648","creuser",""
"1304","649","echarpe"," fichu; cache-col"
"1305","650","personne"," affluence; monde; bousculade; presse; cohue; cortege; troupe"
"1306","650","quantite"," masse; multitude; armee; collection; regiment; troupeau; populo; flopee"
"1307","651","bafouer"," mepriser; pietiner; accabler"
"1308","651","pietiner"," marcher sur; ecraser; piler; tasser; damer"
"1309","651","demettre"," luxer; disloquer"
"1310","651","se fouler"," se fouler la rate"
"1311","652","echec"," insucces; desastre; chute"
"1312","652","chaufour"," fournil"
"1313","653","perfide"," malhonnete; indelicat; hypocrite; faux; fallacieux; sournois; trompeur; menteur; traitre"
"1314","654","fourberie habile",""
"1315","654","ruse"," hypocrisie; faussete; duplicite; sournoiserie; trahison; fraude; piperie; matoiserie"
"1316","655","choses en desordre",""
"1317","655","attirail"," chargement; bagage; barda"
"1318","655","machin"," chose; truc; bidule"
"1319","656","frotter"," derouiller; astiquer; nettoyer; polir"
"1320","657","extenue"," fatigue; epuise; ereinte; brise; echine; harasse; moulu; rendu; rompu; esquinte"
"1321","658","fourches patibulaires",""
"1322","658","bifurcation"," embranchement; carrefour"
"1323","659","bifurquer"," se diviser"
"1324","660","crochu"," cornu"
"1325","661","wagon",""
"1326","661","pique-feu"," tisonnier"
"1327","662","socialisme"," associationnisme"
"1328","663","populeux"," grouillant"
"1329","664","grouiller"," pulluler; abonder"
"1330","665","four"," fourneau"
"1331","665","canicule",""
"1332","666","four",""
"1333","666","cuisiniere"," rechaud"
"1334","667","abondant"," touffu; epais; feuillu; dru"
"1335","668","procurer"," ravitailler; alimenter; approvisionner; donner; livrer; preter"
"1336","668","munir"," garnir; armer; pourvoir"
"1337","668","accomplir"," achever; parfaire"
"1338","668","subvenir"," contribuer"
"1339","668","faire fournir"," se fournir"
"1340","669","pourvoyeur"," ravitailleur; approvisionneur; commerçant; detaillant; marchand"
"1341","670","garniture"," assaisonnement"
"1342","670","approvisionnement"," livraison; marchandise; stock"
"1343","670","prestation",""
"1344","671","fouiller"," fureter; fourgonner"
"1345","671","ravager"," piller; marauder; devaster; ruiner; saccager; desoler"
"1346","672","buisson"," taillis"
"1347","673","cosse",""
"1348","673","etui"," gaine; enveloppe"
"1349","673","fonte",""
"1350","674","introduire"," inserer; enfoncer; enfourner; mettre dans; flanquer; foutre"
"1351","674","envelopper"," garnir; doubler"
"1352","674","se fourrer",""
"1353","675","animal"," poil; pelisse; pelage; toison; pelleterie"
"1354","676","erreur"," bevue; aberration; egarement; contresens; meprise; sottise"
"1355","677","se fourvoyer",""
"1356","677","egarer"," tromper; detourner; induire en erreur"
"1357","678","grand desordre"," bordel"
"1358","679","mettre"," deposer; enfoncer; flanquer"
"1359","679","sperme",""
"1360","679","faire"," ficher"
"1361","679","foutre a la porte"," foutre dehors; foutre le camp; s en foutre; se foutre"
"1362","680","congedier"," licencier; chasser; foutre dehors"
"1363","681","congedier"," licencier; chasser"
"1364","682","fuir"," partir"
"1365","683","sacre"," sale; fichu"
"1366","683","perdu"," condamne; fini; maudit; use"
"1367","683","bati"," fait; fichu"
"1368","684","maison"," demeure; domicile; appartement; menage; famille; penates; bercail"
"1369","684","cheminee"," feu; atre; fourneau; brasier"
"1370","684","centre"," siege; source; milieu; interieur"
"1371","685","tumulte"," vacarme; tapage; bruit; clameur"
"1372","686","briser"," casser; rompre; mettre en pieces"
"1373","687","partie"," morceau; portion; section; part; segment; tranche; division; detail; parcelle"
"1374","688","segmentation"," division; morcellement; eparpillement"
"1375","689","segmenter"," partager; sectionner; diviser; morceler; subdiviser"
"1376","690","rupture"," cassure; blessure; faille; coupure"
"1377","691","cassant"," facile a briser"
"1378","691","frele"," debile; delicat; faible; chetif; malingre"
"1379","691","instable"," incertain; chancelant; passager; precaire; provisoire; vacillant; changeant; inconstant; ephemere; perissable; momentane; labile"
"1380","692","precarite"," incertitude; instabilite; inconsistance"
"1381","692","faiblesse"," debilite; delicatesse"
"1382","693","extrait"," citation; partie; passage; piece; division; detail"
"1383","693","morceau"," segment; echantillon; miette; parcelle; tronçon; bout; bouture; chicot; debris; lambeau; lopin; loque"
"1384","694","partiel"," incomplet"
"1385","695","partager"," morceler; diviser; concasser"
"1386","696","odeur"," parfum"
"1387","697","fretin"," alevin"
"1388","697","reproduction"," generation; œuf"
"1389","698","recemment"," depuis peu; nouvellement"
"1390","698","au frais",""
"1391","698","froidement"," avec froideur"
"1392","699","nature"," frais; froid"
"1393","699","qualite"," nouveaute; primeur"
"1394","699","effet"," eclat; lustre"
"1395","699","trait de caractere"," purete; innocence; naivete; spontaneite; jeunesse; naturel; vigueur; vivacite"
"1396","700","se lever"," augmenter de force"
"1397","700","rafraichir"," se rafraichir"
"1398","701","nature"," frisquet; legerement froid"
"1399","701","qualite"," nouveau; neuf; jeune; recent; du jour; printanier; tendre"
"1400","701","effet"," eclatant; brillant; joli"
"1401","701","etat"," intact; propre"
"1402","701","etat physique"," detendu; dispos; repose; sain; vigoureux; bien conserve; vif; alerte; en forme; vert"
"1403","701","finances"," cout; charge; debours; depens; depense; taxe"
"1404","702","nature"," fruit rouge"
"1405","702","medecine"," lesion de la peau; angiome; nævus"
"1406","702","animal"," mesentere; caroncule"
"1407","702","objet"," collerette"
"1408","702","technique"," foret; roulette"
"1409","702","corps"," figure"
"1410","703","trait de caractere"," sincere; spontane; honnete; ouvert; droit; loyal; cordial; direct; naturel; simple; sans façon; vrai; veritable"
"1411","703","commerce"," libre; exempt; exonere"
"1412","703","etat"," precis; net; declare; carre"
"1413","703","finances"," unite monetaire"
"1414","704","resolument"," sans hesiter; sans ambages; carrement; tout net; nettement"
"1415","704","sincerement"," rondement; loyalement; a cœur ouvert; en toute franchise; librement; ouvertement; simplement"
"1416","705","passer"," depasser"
"1417","705","enjamber"," escalader; monter; sauter; sauter par-dessus"
"1418","705","traverser"," parcourir"
"1419","705","outrepasser",""
"1420","705","surmonter"," vaincre"
"1421","706","sincerite"," loyaute; spontaneite; droiture; rondeur; veracite; verite; franc-parler"
"1422","706","exemption"," exoneration; dispense; immunite; privilege"
"1423","706","liberte"," independance"
"1424","706","en toute franchise",""
"1425","707","passage"," escalade; traversee"
"1426","708","maquisard"," partisan; resistant"
"1427","709","bord"," marge"
"1428","710","decoupe"," dechiquete"
"1429","710","orne"," borde"
"1430","711","a la bonne franquette",""
"1431","712","impressionnant"," saisissant; surprenant; troublant; extraordinaire; sensationnel; etonnant; attachant; captivant; criant; eclatant"
"1432","713","voyou"," gouape"
"1433","713","dactylographie",""
"1434","714","frais"," froid; rafraichi; refroidi"
"1435","714","battu",""
"1436","714","inquiet"," emu"
"1437","714","fou",""
"1438","715","punir"," chatier"
"1439","715","battre"," cogner; heurter; donner un coup; brutaliser; rudoyer; maltraiter; cingler; fouetter; rosser"
"1440","715","marteler"," percuter"
"1441","715","foudroyer",""
"1442","715","tapoter"," taper; tambouriner"
"1443","715","impressionner"," surprendre; etonner; saisir; choquer"
"1444","715","affecter"," atteindre; toucher; emouvoir; affliger; consterner"
"1445","715","frapper a mort"," se frapper"
"1446","716","fredaine"," equipee; caprice; incartade"
"1447","717","uni"," amical; cordial; affectueux"
"1448","718","tromperie"," escroquerie; deloyaute; fourberie; improbite; tricherie; supercherie; contrebande; mauvaise foi"
"1449","719","denaturer"," frelater; sophistiquer"
"1450","719","tromper"," tricher; escamoter; abuser; voler; filouter"
"1451","720","falsificateur"," contrebandier"
"1452","721","aleviner"," se reproduire"
"1453","721","preparer"," percer; ouvrir; entrouvrir; rendre praticable; tracer; faciliter; pratiquer; etablir"
"1454","721","froler"," frotter contre"
"1455","721","frequenter"," cotoyer; coudoyer; hanter; voir; voisiner; frequenter; commercer; etre en relation avec"
"1456","722","saisissement"," peur; effroi; frissonnement; apprehension; crainte; epouvante; terreur; alarme; transe"
"1457","723","ecart"," debordement; equipee; escapade; folie; frasque; incartade; fugue; caprice"
"1458","724","chanter"," chantonner"
"1459","725","filet",""
"1460","725","mors",""
"1461","725","obstacle"," limite; opposition"
"1462","725","mettre un frein a"," ronger son frein"
"1463","726","arreter"," stopper; bloquer"
"1464","726","ralentir"," decelerer; retenir; serrer"
"1465","726","enrayer"," faire obstacle; gener; refrener; moderer; contrarier; diminuer"
"1466","727","contrefaçon"," fraude"
"1467","728","falsifier"," denaturer; contrefaire; fausser; sophistiquer"
"1468","729","fragile"," delicat; chetif; debile; faible; fluet; maigre; peu resistant; peu solide"
"1469","730","godulereau"," mirliflore"
"1470","731","murmurer"," bruire"
"1471","731","trembler"," frissonner; palpiter; trepider; tressaillir"
"1472","732","ardent"," passionne; vibrant; tremblant"
"1473","733","tremblement"," tressaillement; vibration; frisson; frissonnement; emotion"
"1474","733","murmure"," bruissement"
"1475","734","folie"," passion; enthousiasme; aveuglement; delire; agitation; egarement"
"1476","734","fureur"," furie; emportement; rage"
"1477","735","violent"," furieux"
"1478","735","fou"," delirant; enthousiaste; passionne; effrene"
"1479","736","souvent"," beaucoup; communement"
"1480","737","maniere"," habituel; commun; normal; courant; ordinaire"
"1481","737","frequence"," repete; multiple; nombreux; continuel; continu; perpetuel; reitere; rebattu; quotidien; innombrable; journalier"
"1482","738","amour"," amourette"
"1483","738","contact"," accointance; commerce; intimite; liaison; lien; rapport; relation; amitie"
"1484","738","pratique"," usage"
"1485","738","assiduite"," regularite; ponctualite; exactitude"
"1486","739","peu frequente",""
"1487","739","populeux"," public; passant"
"1488","740","se frequenter",""
"1489","740","hanter"," frayer avec; pratiquer; cotoyer; courir; visiter; voisiner; commercer; coudoyer; voir"
"1490","741","personne, famille"," [informal] frerot; [informal] frangin"
"1491","741","personne"," semblable; ami; compagnon; confrere; camarade; copain"
"1492","741","religion"," religieux; capucin; franciscain; dominicain"
"1493","742","charge"," cargaison"
"1494","742","louage"," affretement; nolis"
"1495","743","equiper"," charger"
"1496","743","louer"," affreter; noliser"
"1497","744","remuant"," grouillant; semillant; sautillant; trepignant; vif"
"1498","745","remuer"," s agiter; sautiller; se tremousser; grouiller; piaffer; tremousser; trepigner; gigoter"
"1499","746","rebut"," rien; quantite negligeable; dechet"
"1500","746","blanchaille"," menu poisson; alevin; frai; nourrain"
"1501","747","corneille",""
"1502","748","cassant",""
"1503","748","tendre"," sablonneux"
"1504","749","appetissant"," exquis; delectable; delicieux; succulent; allechant; tentant; savoureux"
"1505","749","gourmand",""
"1506","749","friand de",""
"1507","750","avide de"," amateur"
"1508","751","sucrerie"," patisserie; gourmandise; confiserie; delicatesse; douceur; chatterie; bonbon"
"1509","752","melange"," amalgame; meli-melo; salmigondis"
"1510","752","fricandeau"," blanquette; ragout; gibelotte; salmis; fricot"
"1511","752","fricassee de museaux",""
"1512","753","embrassade"," gros baisers"
"1513","754","gaspiller"," dissiper; perdre"
"1514","754","accommoder"," preparer; faire frire; frire"
"1515","755","effraction"," cambriolage"
"1516","756","en friche",""
"1517","756","lande"," champ abandonne; champ inculte; champ sauvage; terre non cultivee"
"1518","757","repas"," fricot"
"1519","758","repas"," fricassee; frichti"
"1520","759","trafic malhonnete"," magouille; tripotage"
"1521","760","manigancer"," trafiquer; tramer; tripoter; mijoter"
"1522","760","accommoder en ragout"," preparer un plat; cuisiner"
"1523","761","heurt"," accrochage"
"1524","761","frottement",""
"1525","762","frotter"," oindre"
"1526","763","refrigerateur"," frigo"
"1527","764","chambre frigorifique",""
"1528","764","refrigerateur"," frigidaire"
"1529","764","viande frigorifiee",""
"1530","765","intimider",""
"1531","765","refrigerer"," congeler"
"1532","766","froid"," hiver"
"1533","767","semblant"," comedie; hablerie; apparence trompeuse"
"1534","768","visage"," figure"
"1535","769","envie",""
"1536","769","appetit"," faim"
"1537","770","alerte"," petulant; agile; sautillant; guilleret; semillant; ingambe; actif; pimpant"
"1538","770","fougueux"," vif"
"1539","771","se fringuer",""
"1540","771","vetir"," habiller; nipper"
"1541","772","chiffonner"," fletrir; rider"
"1542","773","espiegle"," polisson; malicieux; malin; delure; eveille; coquin; volage"
"1543","773","brigand"," coquin; vaurien; garnement; galopin"
"1544","773","escroc"," filou; larron; voleur"
"1545","774","coquette",""
"1546","775","coquinerie"," malhonnetete; canaillerie"
"1547","776","crapule"," escroc; canaille"
"1548","777","cuisine"," faire cuire; rotir; faire sauter; fricasser"
"1549","778","effleurer"," froler; raser"
"1550","778","boucler"," anneler; creper; onduler; moutonner; faire une mise en plis"
"1551","778","confiner a"," approcher de"
"1552","779","nature"," frais; froid"
"1553","780","froissement"," bruissement"
"1554","780","fremissement"," tremblement; tressaillement; frissonnement"
"1555","780","emotion"," effroi; crainte; peur; alarme; saisissement"
"1556","781","frayeur"," fremissement"
"1557","782","apprehender"," craindre"
"1558","782","trembler"," fremir; grelotter; tressaillir"
"1559","783","insouciant"," leger; inconsequent; peu serieux; pueril; superficiel; etourdi"
"1560","783","futile"," insignifiant; superficiel; inconsistant; vain; vide"
"1561","784","futilite"," bagatelle; fantaisie; caprice; amusette; fanfreluche; babiole; broutille"
"1562","784","insouciance"," legerete; inconstance; puerilite; vanite"
"1563","785","pantalon",""
"1564","785","bure"," habit monacal"
"1565","786","nature"," frisquet; frais; glace; glacial; siberien; rude"
"1566","786","trait de caractere"," insensible; glacial; flegmatique; impassible; indifferent; reserve; severe; sec; austere; detache; distant; frigide; piquant"
"1567","786","art"," ennuyeux; inexpressif; languissant; terne"
"1568","786","etat"," hiver; bise; gelee; glace; froidure"
"1569","786","etat mental"," froideur; desaccord; discorde; brouille; dissentiment; mecontentement; mesentente; antipathie; mesintelligence"
"1570","787","avec indifference",""
"1571","787","fraichement",""
"1572","787","calmement",""
"1573","788","etat mental"," indifference; impassibilite; flegme; reserve; detachement; severite; hostilite; glace"
"1574","789","froid"," fraicheur"
"1575","790","vexe"," pique; blesse; choque; offusque; offense; desoblige; mortifie"
"1576","790","chiffonne"," fripe"
"1577","791","heurt"," friction; blessure"
"1578","792","meurtrir"," claquer"
"1579","792","chiffonner"," plisser; friper"
"1580","792","broyer"," ecraser; pietiner"
"1581","792","vexer"," offenser; piquer; blesser; choquer; desobliger; indisposer; offusquer; blesser; heurter"
"1582","792","se froisser",""
"1583","793","relation"," caresse; attouchement"
"1584","793","son"," froissement; fremissement"
"1585","794","cotoyer"," coudoyer"
"1586","794","effleurer"," caresser; toucher legerement"
"1587","794","raser"," serrer"
"1588","794","passer pres de"," friser; risquer"
"1589","795","peloteur"," tripoteur"
"1590","796","aguicheuse"," allumeuse"
"1591","797","nature"," cereale; ble"
"1592","798","plisser"," rider; grigner"
"1593","799","feuillage"," feuillee; feuilles; branches; branchage; ramure; verdure"
"1594","799","ombre"," ombrage; abri"
"1595","800","critiquer"," desapprouver; reprouver; trouver a redire; attaquer; blamer; censurer; condamner; reprendre; satiriser"
"1596","801","moqueur"," rebelle; railleur; contestataire; perturbateur"
"1597","801","moqueur"," satirique; rebelle; railleur; contestataire; perturbateur"
"1598","802","coalition"," ligue; bloc; cartel; groupement"
"1599","802","face"," façade; fronton"
"1600","802","champ de bataille"," lignes"
"1601","802","audace"," impudence; hardiesse"
"1602","802","air"," maintien"
"1603","802","faire front"," le front haut"
"1604","803","limite"," borne; lisiere; confins; ligne; demarcation; delimitation"
"1605","804","effet"," nettoyer; essuyer; astiquer; briquer; brosser; fourbir; gratter; racler; cirer; encaustiquer; lustrer; polir; poncer; recurer"
"1606","804","mouvement"," effleurer; froler; frictionner; appuyer; gratter"
"1607","804","frotter de"," huiler; oindre; graisser"
"1608","805","froissement"," fremissement; bruissement"
"1609","806","peureux"," poltron; lache"
"1610","807","peur"," crainte; trac"
"1611","808","rapporter"," rendre; produire; developper"
"1612","809","maniere"," profitable; productif; lucratif; avantageux; fecond; fertile; salutaire; utile; rentable; abondant; bon"
"1613","810","sobre"," simple; austere; ascetique"
"1614","811","sobriete"," moderation; temperance; simplicite; economie"
"1615","812","nature"," fruits rouges; fruits a pepins; fruits secs; fruits de mer"
"1616","812","effet"," benefice; produit; profit; resultat; recompense; avantage; consequence; rapport"
"1617","813","fromagerie",""
"1618","813","fruiterie"," verger"
"1619","813","fromager"," maitre fruitier"
"1620","814","hardes"," fringues; nippes"
"1621","815","grossier"," rude; inculte; lourd; lourdaud; primitif; balourd; sauvage"
"1622","816","tromper"," decevoir; desappointer"
"1623","816","priver"," desavantager; depouiller; deposseder; desheriter; voler; spolier; leser; defavoriser"
"1624","817","mazout"," fuel-oil; fioul"
"1625","818","evanescent"," passager; ephemere; momentane; fugitif; bref; court; perissable"
"1626","819","mouvant"," mobile; instable; inconstant; incertain"
"1627","819","fuyant"," fuyard; evade; banni; proscrit; exile"
"1628","819","evanescent"," fugace; ephemere; passager; court; peu durable; bref; court; momentane; perissable"
"1629","819","fuyard"," evade; deserteur"
"1630","820","fuite"," echappee; escapade; absence; fredaine; equipee"
"1631","820","canon"," imitation"
"1632","821","eviter"," echapper; differer; se garder; se garantir contre; eluder; se soustraire a"
"1633","821","s enfuir"," decamper; filer; s echapper; s evader; se sauver; s eloigner; deloger; s exiler; s esquiver; deguerpir; s envoler; detaler; ficher le camp; se barrer"
"1634","821","s ecouler"," passer; s evanouir"
"1635","821","perdre",""
"1636","821","faire fuir",""
"1637","822","subterfuge"," echappatoire; faux-fuyant; excuse; derobade"
"1638","822","fugue"," evasion; debacle; debandade; deroute; echappee; sauve-qui-peut"
"1639","822","hemorragie"," perte"
"1640","822","defection"," lachage"
"1641","822","trou"," fente"
"1642","822","mettre en fuite",""
"1643","823","violent",""
"1644","823","foudroyant"," etincelant; brillant; eclatant; resplendissant; rutilant"
"1645","824","lueur"," eclair"
"1646","825","furibond"," grondant; menaçant"
"1647","825","foudroyant"," vociferant; tonitruant"
"1648","825","detonant"," explosif"
"1649","826","explosion"," detonation"
"1650","826","colere"," explosion"
"1651","827","exploser"," eclater; detoner; tonner; faire explosion; tempeter; menacer; pester; s emporter"
"1652","828","ardent"," bouillonnant; brulant"
"1653","828","crachant la fumee"," fumeux"
"1654","828","sensationnel"," formidable; sensas"
"1655","829","etat"," vapeur; nuage; smog; buee; fumerolle; gaz; fumet; emanation; exhalaison"
"1656","830","laissees"," excrements; fiente"
"1657","830","ivresse"," excitation; etourdissement"
"1658","831","boucaner"," saurer"
"1659","831","griller une cigarette",""
"1660","831","engraisser"," fertiliser"
"1661","832","odeur"," saveur; senteur; exhalaison; parfum"
"1662","833","trouble"," vague; obscur; brumeux; nebuleux; abstrait; complique"
"1663","833","fumant",""
"1664","834","purin"," terreau; engrais; compost; amendement"
"1665","834","ordure"," immondice; gadoue"
"1666","834","individu meprisable"," salaud; salopard; ordure"
"1667","835","plaisantin"," mystificateur; farceur"
"1668","836","funeraire"," mortuaire"
"1669","836","lugubre"," macabre; sinistre; sombre; qui evoque la mort; triste"
"1670","837","fait"," obseques; enterrement; ensevelissement; sepulture; inhumation; incineration; convoi"
"1671","838","triste"," douloureux; tragique; lamentable; sombre; funebre; malheureux; sinistre; navrant"
"1672","838","pernicieux"," nuisible; nefaste; desastreux; malfaisant; catastrophique; mortel; mauvais; fatal"
"1673","839","fouiller"," explorer; fouiner; farfouiller; fourgonner; perquisitionner; rechercher"
"1674","839","chasser au furet",""
"1675","840","chercheur"," fouilleur"
"1676","840","curieux"," indiscret; fouineur; fouinard"
"1677","841","passion"," emportement; folie; frenesie; enthousiasme; exaltation; possession; transport; surexcitation"
"1678","841","rage"," furie; colere; impetuosite; violence; emportement; acharnement; agitation; courroux"
"1679","841","etre en fureur"," faire fureur"
"1680","842","furieux"," furibond"
"1681","843","furieux"," emporte; agite; forcene; irrite; furibard"
"1682","844","fureur"," agitation; colere; courroux; dechainement; ferocite; rage; violence; emportement; impetuosite; dechainement; passion; manie"
"1683","844","megere"," harpie"
"1684","844","ardeur"," courage"
"1685","844","en furie",""
"1686","845","excessivement"," extremement"
"1687","846","personne"," enrage; fanatique; forcene; energumene"
"1688","846","trait de caractere"," irrite; furibond; enrage; acharne; hors de soi; agite; dechaine; courrouce; delirant; frenetique; possede; forcene; passionne; violent; furibard"
"1689","847","medecine"," abces; anthrax; [informal] clou"
"1690","848","rapide"," fugace; fugitif"
"1691","848","cache"," clandestin; discret; secret; subreptice"
"1692","849","secretement"," en secret; en cachette; a la derobee; en sous-main"
"1693","850","missile"," lanceur; propulseur; pousseur; accelerateur; booster"
"1694","851","jaillir"," partir"
"1695","851","couler"," se repandre en fondant"
"1696","851","glisser"," se repandre peu a peu"
"1697","852","arquebuse"," escopette; espingole; tromblon"
"1698","852","carabine"," mousquet; mousqueton; canardiere; rifle"
"1699","852","petoire"," flingue; flingot"
"1700","853","passer par les armes"," executer; tuer"
"1701","854","reunion"," combinaison; conciliation; melange"
"1702","854","fonte"," liquefaction"
"1703","854","faire fusion",""
"1704","855","s unir"," faire fusion; se fondre"
"1705","855","assembler"," joindre; meler; unifier"
"1706","856","chatiment"," peine"
"1707","856","stigmatisation"," blame"
"1708","856","massage",""
"1709","857","blamer"," stigmatiser; critiquer; reprimander"
"1710","857","battre"," flageller; fouetter; fouailler; cingler"
"1711","858","objet"," tonneau; baril; futaille; tonnelet"
"1712","858","nature"," tronc d arbre"
"1713","859","boqueteau"," bosquet; bouquet d arbres; massif d arbres; frondaison; fourre; taillis; sous-bois; chenaie; hetraie; pinede; sapiniere; sylve; bois"
"1714","860","baril"," barrique; tonneau; foudre; fut; piece"
"1715","861","ruse"," adroit; habile; malicieux; malin; matois; finaud; madre; roue"
"1716","862","frivole"," insignifiant; pueril; superficiel; inutile; inepte; vain; vide; creux; banal; leger"
"1717","863","frivolite"," bagatelle; niaiserie; insignifiance; legerete; nullite; enfantillage; puerilite; inanite; broutille"
"1718","864","temps"," avenir; lendemain; perspective; destin"
"1719","864","temps"," ulterieur; prochain; posterieur; en herbe"
"1720","864","personne"," fiance"
"1721","865","insaisissable",""
"1722","865","fugitif"," evasif"
"1723","866","deserteur"," evade; fugitif"
"1724","866","lache"," porte a s enfuir"
"1725","867","causette"," bavarder; discuter"
