"1","faire une pioncette"
"2","faire un tabac"
"3","faire valoir"
"4","faire vibrer"
"5","faire violence a"
"6","faire voir"
"7","fair-play"
"8","faisable"
"9","faisande"
"10","faisanderie"
"11","faisceau"
"12","faiseur"
"13","fait"
"14","fait d armes"
"15","faite"
"16","fait pour"
"17","faix"
"18","fallacieux"
"19","falloir"
"20","falot"
"21","falsificateur"
"22","falsification"
"23","falsifie"
"24","falsifier"
"25","falun"
"26","fonds"
"27","fondu"
"28","fongosite"
"29","fongus"
"30","fontaine"
"31","fonte"
"32","forain"
"33","forban"
"34","forçat"
"35","force"
"36","force"
"37","force d ame"
"38","forcement"
"39","forcement"
"40","forcene"
"41","forcer"
"42","forcir"
"43","foret"
"44","forfait"
"45","forfaiture"
"46","forfanterie"
"47","forger"
"48","forgeur"
"49","forlancer"
"50","formaliser"
"51","formaliste"
"52","formalite"
"53","format"
"54","formateur"
"55","formation"
"56","forme"
"57","forme"
"58","formel"
"59","formellement"
"60","former"
"61","formes"
"62","formidable"
"63","formidablement"
"64","formulaire"
"65","formule"
"66","formuler"
"67","fort"
"68","fort de cafe"
"69","fortement"
"70","forteresse"
"71","fortifiant"
"72","fortification"
"73","fortifier"
"74","fable"
"75","fabricant"
"76","fabricateur"
"77","fabrication"
"78","fabrique"
"79","fabrique"
"80","fabriquer"
"81","fabulation"
"82","fabuleusement"
"83","fabuleux"
"84","façade"
"85","face"
"86","facetie"
"87","facetieux"
"88","fache"
"89","facher"
"90","facherie"
"91","facheux"
"92","facies"
"93","facies"
"94","facile"
"95","facilement"
"96","facilite"
"97","faciliter"
"98","façon"
"99","faconde"
"100","façonner"
"101","façonnier"
"102","façons"
"103","fac-simile"
"104","facteur"
"105","factice"
"106","factieux"
"107","faction"
"108","factionnaire"
"109","factum"
"110","facture"
"111","faculte"
"112","fada"
"113","fadaise"
"114","fade"
"115","fadeur"
"116","fagot"
"117","fagote"
"118","fagoter"
"119","faible"
"120","faiblement"
"121","faiblesse"
"122","faiblir"
"123","faience"
"124","faillir"
"125","faillite"
"126","faim"
"127","faineant"
"128","faineanter"
"129","faineantise"
"130","faire"
"131","faire abstraction"
"132","faire abstraction de"
"133","faire admettre"
"134","faire apparaitre"
"135","faire attention"
"136","faire attention a"
"137","faire bonne mine"
"138","faire cas de"
"139","faire chanceler"
"140","faire chorus"
"141","faire confiance a"
"142","faire connaitre"
"143","faire courir"
"144","faire dechoir"
"145","faire defaut"
"146","faire de l effet"
"147","faire des gorges chaudes"
"148","faire des libations"
"149","faire des siennes"
"150","faire disparaitre"
"151","faire durer"
"152","faire echouer"
"153","faire effort"
"154","faire entendre"
"155","faire etat de"
"156","faire explosion"
"157","faire fausse route"
"158","faire fi de"
"159","faire flores"
"160","faire fondre"
"161","faire fureur"
"162","faire grace"
"163","faire grise mine"
"164","faire halte"
"165","faire hommage"
"166","faire joujou"
"167","faire justice"
"168","faire la fete"
"169","faire l affaire"
"170","faire la guerre a"
"171","faire la lippe"
"172","faire la roue"
"173","faire la soudure"
"174","faire le flambard"
"175","faire le grand seigneur"
"176","faire le saut"
"177","faire le trottoir"
"178","faire le zigoto"
"179","faire le zouave"
"180","faire marrer"
"181","faire mine de"
"182","faire miroiter"
"183","faire monter"
"184","faire mourir"
"185","faire naitre"
"186","faire paraitre"
"187","faire participer"
"188","faire partie de"
"189","faire partir"
"190","faire parvenir"
"191","faire penetrer"
"192","faire penser a"
"193","faire perdre la raison"
"194","faire perir"
"195","faire plaisir"
"196","faire ressortir"
"197","faire revenir"
"198","faire saillie"
"199","faire sauter"
"200","faire savoir"
"201","faire semblant"
"202","faire sortir"
"203","faire sortir de"
"204","faire souffrir"
"205","faire supposer"
"206","faire tache d huile"
"207","faire taire"
"208","faire tomber"
"209","faire tort"
"210","faire trainer"
"211","fame"
"212","famelique"
"213","fameux"
"214","familial"
"215","familiariser"
"216","familiarite"
"217","familier"
"218","familierement"
"219","famille"
"220","famine"
"221","fanal"
"222","fanatique"
"223","fanatisme"
"224","fane"
"225","faner"
"226","fanfare"
"227","fanfaron"
"228","fanfaronnade"
"229","fanfaronner"
"230","fanfreluche"
"231","fange"
"232","fangeux"
"233","fanion"
"234","fantaisie"
"235","fantaisiste"
"236","fantasque"
"237","fantastique"
"238","fantoche"
"239","fantome"
"240","faquin"
"241","faramineux"
"242","faraud"
"243","farce"
"244","farceur"
"245","farci"
"246","farcir"
"247","fard"
"248","farde"
"249","fardeau"
"250","farder"
"251","fardier"
"252","farfadet"
"253","farfouiller"
"254","faribole"
"255","farine"
"256","farouche"
"257","farouchement"
"258","fascinant"
"259","fascination"
"260","fascine"
"261","fasciner"
"262","faste"
"263","fastes"
"264","fastidieux"
"265","fastueux"
"266","fat"
"267","fatal"
"268","fatalement"
"269","fataliste"
"270","fatalite"
"271","fatigant"
"272","fatigue"
"273","fatigue"
"274","fatiguer"
"275","fatiguer extremement"
"276","fatras"
"277","fatuite"
"278","fatum"
"279","fauber"
"280","faubert"
"281","faubourg"
"282","faubourien"
"283","fauche"
"284","faucher"
"285","faucon"
"286","fauconnerie"
"287","faufiler"
"288","faune"
"289","faussaire"
"290","fausser"
"291","fausser compagnie"
"292","faussete"
"293","faute"
"294","fauteuil"
"295","fauteur"
"296","fautif"
"297","fauve"
"298","faux"
"299","faux bruit"
"300","faux col"
"301","faux-fuyant"
"302","faux pas"
"303","faveur"
"304","favorable"
"305","favorablement"
"306","favori"
"307","favorise"
"308","favoriser"
"309","favus"
"310","fayot"
"311","feal"
"312","febrile"
"313","febrilite"
"314","feces"
"315","fecond"
"316","feconder"
"317","fecondite"
"318","fedai"
"319","fedayin"
"320","federation"
"321","feerique"
"322","feindre"
"323","feint"
"324","feinte"
"325","feinter"
"326","fele"
"327","feler"
"328","felicitation"
"329","felicite"
"330","feliciter"
"331","feliciter de"
"332","felin"
"333","felon"
"334","felonie"
"335","felure"
"336","feminin"
"337","femme"
"338","femme de chambre"
"339","femme de menage"
"340","femme entretenue"
"341","fenaison"
"342","fendant"
"343","fendille"
"344","fendiller"
"345","fendre"
"346","fendu"
"347","fenetre"
"348","fente"
"349","feodalite"
"350","fer"
"351","fer-blanc"
"352","fer de lance"
"353","fer etame"
"354","fer lamine"
"355","fermage"
"356","fermail"
"357","ferme"
"358","ferme"
"359","fermement"
"360","ferment"
"361","fermentation"
"362","fermenter"
"363","fermer"
"364","fermete"
"365","fermeture"
"366","fermier"
"367","feroce"
"368","ferocite"
"369","ferraille"
"370","ferrailler"
"371","ferrailleur"
"372","ferratier"
"373","ferre"
"374","ferretier"
"375","ferrure"
"376","fers"
"377","fertile"
"378","fertiliser"
"379","fertilite"
"380","feru"
"381","ferule"
"382","fervent"
"383","ferveur"
"384","fessee"
"385","fesser"
"386","festin"
"387","festival"
"388","festivite"
"389","festonner"
"390","fetard"
"391","fete"
"392","feter"
"393","fetiche"
"394","fetichisme"
"395","fetide"
"396","fetidite"
"397","feu"
"398","feuillage"
"399","feuille"
"400","feuille"
"401","feuille de chou"
"402","feuillee"
"403","feuilles"
"404","feuilleter"
"405","feuillu"
"406","feutre"
"407","feux"
"408","fi"
"409","fiacre"
"410","fiance"
"411","fibre"
"412","fibreux"
"413","fibule"
"414","ficele"
"415","ficeler"
"416","ficelle"
"417","ficher"
"418","fichu"
"419","fictif"
"420","fiction"
"421","fidele"
"422","fidelement"
"423","fidelite"
"424","fieffe"
"425","fiel"
"426","fielleux"
"427","fier"
"428","fier-a-bras"
"429","fier de"
"430","fiere allure"
"431","fierement"
"432","fierte"
"433","fievre"
"434","fievreux"
"435","fifre"
"436","fige"
"437","figer"
"438","fignoler"
"439","figurant"
"440","figuratif"
"441","figuration"
"442","figure"
"443","figure"
"444","figurer"
"445","fil"
"446","filandreux"
"447","file"
"448","filer"
"449","filet"
"450","filiation"
"451","filiere"
"452","filin"
"453","fille"
"454","fillette"
"455","filmer"
"456","filon"
"457","filou"
"458","filouter"
"459","filouterie"
"460","fils"
"461","fils de ses œuvres"
"462","fils spirituel"
"463","filtre"
"464","filtre"
"465","filtrer"
"466","fin"
"467","final"
"468","finalement"
"469","finance"
"470","financer"
"471","finances"
"472","financier"
"473","finasseur"
"474","finassier"
"475","finaud"
"476","fine gueule"
"477","finement"
"478","finesse"
"479","fini"
"480","finir"
"481","fiole"
"482","fioriture"
"483","firmament"
"484","firme"
"485","fisc"
"486","fissure"
"487","fixation"
"488","fixe"
"489","fixe"
"490","fixer"
"491","flache"
"492","flacon"
"493","flageller"
"494","flageolant"
"495","flageolet"
"496","flagorner"
"497","flagorneur"
"498","flagrant"
"499","flair"
"500","flairer"
"501","flambant"
"502","flambard"
"503","flambart"
"504","flambe"
"505","flambe"
"506","flambeau"
"507","flambee"
"508","flamber"
"509","flamberge"
"510","flamboyant"
"511","flamboyer"
"512","flamme"
"513","flammeche"
"514","flanc"
"515","flancher"
"516","flandrin"
"517","flaner"
"518","flaneur"
"519","flanquer"
"520","flapi"
"521","flaque"
"522","flasque"
"523","flatter"
"524","flatterie"
"525","flatteur"
"526","flatulence"
"527","flatuosite"
"528","fleau"
"529","fleche"
"530","flechi"
"531","flechir"
"532","flechissement"
"533","flegmatique"
"534","flegmatiquement"
"535","flegme"
"536","flemard"
"537","flemmard"
"538","fletri"
"539","fletrir"
"540","fletrissure"
"541","fleur"
"542","fleurant"
"543","fleurer"
"544","fleurette"
"545","fleuri"
"546","fleurir"
"547","fleuve"
"548","flexibilite"
"549","flexible"
"550","flexion"
"551","flexueux"
"552","flibustier"
"553","flic"
"554","flingot"
"555","flingue"
"556","flinguer"
"557","flirt"
"558","floculation"
"559","flonflons"
"560","flopee"
"561","flores"
"562","florissant"
"563","flot"
"564","flots"
"565","flottant"
"566","flotte"
"567","flottement"
"568","flotter"
"569","flou"
"570","flouze"
"571","fluctuant"
"572","fluctuation"
"573","fluer"
"574","fluet"
"575","fluide"
"576","fluidite"
"577","flute"
"578","fluteau"
"579","flutiau"
"580","flux"
"581","fœtus"
"582","foi"
"583","foin"
"584","foirail"
"585","foire"
"586","foirer"
"587","foireux"
"588","fois"
"589","foison"
"590","foisonnement"
"591","foisonner"
"592","folatre"
"593","folatrer"
"594","folichon"
"595","folie"
"596","follement"
"597","fomentateur"
"598","fomenter"
"599","fonce"
"600","foncer"
"601","foncier"
"602","foncierement"
"603","fonction"
"604","fonctionnaire"
"605","fonctionnement"
"606","fonctionner"
"607","fond"
"608","fondamental"
"609","fondamentalement"
"610","fondant"
"611","fondateur"
"612","fondation"
"613","fonde"
"614","fondement"
"615","fonder"
"616","fondeur"
"617","fondre"
"618","fondre sur"
"619","fortin"
"620","fortuit"
"621","fortuitement"
"622","fortune"
"623","fortune"
"624","fosse"
"625","fosse"
"626","fossile"
"627","fossilise"
"628","fou"
"629","fouace"
"630","fouailler"
"631","foucade"
"632","foudre"
"633","foudres"
"634","foudroyant"
"635","foudroyer"
"636","fouet"
"637","fouetter"
"638","fougasse"
"639","fougue"
"640","fougueux"
"641","fouille"
"642","fouiller"
"643","fouilleur"
"644","fouillis"
"645","fouinard"
"646","fouiner"
"647","fouineur"
"648","fouir"
"649","foulard"
"650","foule"
"651","fouler"
"652","four"
"653","fourbe"
"654","fourberie"
"655","fourbi"
"656","fourbir"
"657","fourbu"
"658","fourche"
"659","fourcher"
"660","fourchu"
"661","fourgon"
"662","fourierisme"
"663","fourmillant"
"664","fourmiller"
"665","fournaise"
"666","fourneau"
"667","fourni"
"668","fournir"
"669","fournisseur"
"670","fourniture"
"671","fourrager"
"672","fourre"
"673","fourreau"
"674","fourrer"
"675","fourrure"
"676","fourvoiement"
"677","fourvoyer"
"678","foutoir"
"679","foutre"
"680","foutre a la porte"
"681","foutre dehors"
"682","foutre le camp"
"683","foutu"
"684","foyer"
"685","fracas"
"686","fracasser"
"687","fraction"
"688","fractionnement"
"689","fractionner"
"690","fracture"
"691","fragile"
"692","fragilite"
"693","fragment"
"694","fragmentaire"
"695","fragmenter"
"696","fragrance"
"697","frai"
"698","fraichement"
"699","fraicheur"
"700","fraichir"
"701","frais"
"702","fraise"
"703","franc"
"704","franchement"
"705","franchir"
"706","franchise"
"707","franchissement"
"708","franc-tireur"
"709","frange"
"710","frange"
"711","franquette"
"712","frappant"
"713","frappe"
"714","frappe"
"715","frapper"
"716","frasque"
"717","fraternel"
"718","fraude"
"719","frauder"
"720","fraudeur"
"721","frayer"
"722","frayeur"
"723","fredaine"
"724","fredonner"
"725","frein"
"726","freiner"
"727","frelatage"
"728","frelater"
"729","frele"
"730","freluquet"
"731","fremir"
"732","fremissant"
"733","fremissement"
"734","frenesie"
"735","frenetique"
"736","frequemment"
"737","frequent"
"738","frequentation"
"739","frequente"
"740","frequenter"
"741","frere"
"742","fret"
"743","freter"
"744","fretillant"
"745","fretiller"
"746","fretin"
"747","freux"
"748","friable"
"749","friand"
"750","friand de"
"751","friandise"
"752","fricassee"
"753","fricassee de museaux"
"754","fricasser"
"755","fric-frac"
"756","friche"
"757","frichti"
"758","fricot"
"759","fricotage"
"760","fricoter"
"761","friction"
"762","frictionner"
"763","frigidaire"
"764","frigo"
"765","frigorifier"
"766","frimas"
"767","frime"
"768","frimousse"
"769","fringale"
"770","fringant"
"771","fringuer"
"772","friper"
"773","fripon"
"774","friponne"
"775","friponnerie"
"776","fripouille"
"777","frire"
"778","friser"
"779","frisquet"
"780","frisson"
"781","frissonnement"
"782","frissonner"
"783","frivole"
"784","frivolite"
"785","froc"
"786","froid"
"787","froidement"
"788","froideur"
"789","froidure"
"790","froisse"
"791","froissement"
"792","froisser"
"793","frolement"
"794","froler"
"795","froleur"
"796","froleuse"
"797","froment"
"798","froncer"
"799","frondaison"
"800","fronder"
"801","frondeur"
"802","front"
"803","frontiere"
"804","frotter"
"805","frou-frou"
"806","froussard"
"807","frousse"
"808","fructifier"
"809","fructueux"
"810","frugal"
"811","frugalite"
"812","fruit"
"813","fruitier"
"814","frusques"
"815","fruste"
"816","frustrer"
"817","fuel"
"818","fugace"
"819","fugitif"
"820","fugue"
"821","fuir"
"822","fuite"
"823","fulgurant"
"824","fulguration"
"825","fulminant"
"826","fulmination"
"827","fulminer"
"828","fumant"
"829","fumee"
"830","fumees"
"831","fumer"
"832","fumet"
"833","fumeux"
"834","fumier"
"835","fumiste"
"836","funebre"
"837","funerailles"
"838","funeste"
"839","fureter"
"840","fureteur"
"841","fureur"
"842","furibard"
"843","furibond"
"844","furie"
"845","furieusement"
"846","furieux"
"847","furoncle"
"848","furtif"
"849","furtivement"
"850","fusee"
"851","fuser"
"852","fusil"
"853","fusiller"
"854","fusion"
"855","fusionner"
"856","fustigation"
"857","fustiger"
"858","fut"
"859","futaie"
"860","futaille"
"861","fute"
"862","futile"
"863","futilite"
"864","futur"
"865","fuyant"
"866","fuyard"
"867","faire la causette"
