faire une pioncette;"dormir [v]: pioncer; en ‚craser; roupiller";
faire un tabac;avoir un grand succŠs [v];
faire valoir;exercer [v]: d‚fendre;"faire ressortir [v]: faire ‚talage de; mettre en vedette; faire mousser";exploiter [v]: mettre en valeur;
faire vibrer;"‚mouvoir vivement [v]: enflammer; ‚branler; toucher";
faire violence …;violer [v]: abuser;
faire voir;"montrer [v]: ‚taler; guider";
fair-play;"franc-jeu [a]: sport; correct; droit; loyal; honnˆte";
faisable;"r‚alisable [a]: pratique; facile; possible; ais‚";
faisand‚;"pourri [a]: malsain; corrompu; douteux";avanc‚ [a];
faisanderie;‚levage de faisans [n];
faisceau;"fagot [n]: botte; gerbe; bouquet";accumulation [n];faisceau lumineux [o];
faiseur;constructeur [n]: bƒtisseur;fabricant [n];tailleur [n];amateur [n];bˆcheur [n]: hƒbleur;
fait;"arrang‚ [a]: constitu‚; dispos‚";"accompli [a]: achev‚; ex‚cut‚; termin‚; form‚; bƒti";habitu‚ [a]: accoutum‚;"capable de [a]: bon pour; n‚ pour; propre …";m–r [a];"acte [n]: action; exploit; chose faite";"‚v‚nement [n]: cas; aventure; ph‚nomŠne";"de fait [o]: du fait de; en fait; fait pour; hauts faits; mal fait; mettre au fait de; se mettre au fait de";
fait d'armes;"exploit [n]: prouesse; hauts faits";
faŒte;"comble [n]: apog‚e; pinacle; summum";"sommet [n]: cime; point culminant";
fait pour;propre … [o];
faix;tassement [n];"charge [n]: chargement; fardeau; poids; surcharge";
fallacieux;"insidieux [a]: hypocrite; fourbe; nuisible; mensonger; artificieux; trompeur; perfide; sp‚cieux; faux";
falloir;"devoir [v]: convenir; ˆtre n‚cessaire";
falot;"terne [a]: effac‚; pƒle; anodin; insignifiant; inconsistant; n‚gligeable; m‚diocre";"plaisant [a]: joyeux; gai; dr“le";"lanterne [n]: flambeau; fanal";
falsificateur;"fabricateur [n]: fraudeur; contrefacteur";
falsification;alt‚ration [n]: contrefa‡on;
falsifi‚;factice [a]: faux;
falsifier;"contrefaire [v]: imiter; truquer";"d‚former [v]: alt‚rer; d‚naturer; fausser; d‚figurer; adult‚rer; changer; frelater; tronquer; sophistiquer";travestir [v]: maquiller;
falun;d‚p“t de coquilles [n]: lumachelle;
fonds;"capital [n]: bien; argent; p‚cule; finances";"terrain [n]: sol; champ";"commerce [n]: ‚tablissement; boutique; magasin; maison";
fondu;"dissous [a]: liqu‚fi‚; dilu‚; solubilis‚";flou [a]: vaporeux;d‚grad‚ [a];
fongosit‚;excroissance [n];
fongus;champignon de mer [n];tumeur [n];
fontaine;"r‚servoir [n]: r‚cipient; bassin; filtre; puits";"source [n]: ruisseau; eau vive";
fonte;fusion [n]: moulage;fourreau [n];
forain;"‚tranger [n]: nomade; bateleur; batteur d'estrade; marchand; banquiste; saltimbanque";
forban;pirate [n]: corsaire;bandit [n];
for‡at;"gal‚rien [n]: bagnard; prisonnier";
force;"‚tat physique [n]: robustesse; r‚sistance; vigueur; virilit‚; verdeur; muscle; sŠve; solidit‚; tonicit‚; muscle; biceps; nerf; ressort";"‚tat mental [n]: dynamisme; potentiel; pouvoir; puissance; intensit‚";"trait de caractŠre [n]: courage; volont‚; d‚termination; fermet‚; ‚nergie; constance; cran";"effet [n]: efficacit‚; intensit‚; activit‚; action; influence";"langue [n]: ‚loquence; v‚h‚mence; virulence";"fait [n]: obligation; n‚cessit‚";"opposition [n]: contrainte; oppression; violence";
forc‚;"factice [a]: affect‚; artificiel; contraint";"n‚cessaire [a]: obligatoire; in‚luctable; in‚vitable; involontaire; ‚crit";
force d'ƒme;"ardeur [n]: courage; caractŠre; constance; valeur; volont‚; h‚ro‹sme; noblesse; g‚n‚rosit‚; magnanimit‚";
forcement;for‡age [n]: effraction;
forc‚ment;"fatalement [o]: absolument; ‚videmment; in‚vitablement; n‚cessairement; obligatoirement";
forcen‚;"furibond [a]: furieux; emport‚";fou [a];"enrag‚ [a]: acharn‚; passionn‚";‚nergumŠne [n];
forcer;"astreindre [v]: contraindre; obliger; entraŒner; r‚duire; condamner";"briser [v]: enfoncer; rompre; crocheter; fracturer; emporter; prendre";"tyranniser [v]: violenter; faire violence; violer; faire subir";traquer [v];"hƒter [v]: pr‚cipiter; accentuer; acc‚l‚rer";"augmenter [v]: exag‚rer; outrer";"fatiguer [v]: claquer; crever";d‚naturer [v]: solliciter;
forcir;grossir [v]: se fortifier;
forˆt;"multitude [n]: grande quantit‚; amas";"bois [n]: lieu sauvage; solitude";
forfait;"crime [n]: faute; d‚lit; m‚fait; attentat";d‚clarer forfait [o];
forfaiture;"trahison [n]: f‚lonie; concussion; pr‚varication";
forfanterie;"orgueil [n]: vantardise; charlatanisme; hƒblerie; rodomontade; fanfaronnade";
forger;fabriquer [v]: inventer;"battre [v]: corroyer; marteler";
forgeur;"fabricateur [n]: fabricant; inventeur";forgeron [n];
forlancer;forcer hors du gŒte [v];
formaliser;se formaliser [o];"vexer [v]: blesser; offenser; offusquer";
formaliste;"pointilleux [a]: v‚tilleux; minutieux; ‚troit";"fa‡onnier [a]: c‚r‚monieux; protocolaire";rigoriste [a]: ritualiste;
formalit‚;"c‚r‚monial [n]: c‚r‚monie; ‚tiquette";"proc‚dure [n]: loi; forme; maniŠre; rŠgle; proc‚d‚; mode";
format;"dimension [n]: grandeur; calibre; mesure; taille";
formateur;formant [a];
formation;"groupe [n]: groupement; parti; groupuscule; orchestre";"cr‚ation [n]: ‚laboration; fondation; constitution; composition; institution; organisation; production; d‚veloppement; g‚n‚ration";pubert‚ [n];"‚ducation [n]: instruction; noviciat; apprentissage";apparition [n]: origine;
forme;"‚tat [n]: apparence; aspect; configuration; conformation; dehors; disposition; figure; corps; fa‡on";"art [n]: silhouette; trac‚; model‚; galbe; ligne; relief";"droit [n]: formalit‚; formule";"soci‚t‚ [n]: organisation; r‚gime; statut";"technique [n]: moule; gabarit; modŠle; carcasse; chƒssis; garniture";"maniŠre [n]: ‚tiquette; usages; formalit‚; bonnes maniŠres";"langue [n]: expression; style";
form‚;"nubile [a]: pubŠre; m–r";d‚velopp‚ [a]: fait;instruit [a];
formel;"pr‚cis‚ [a]: explicite; exprŠs; clair; d‚termin‚; direct; net; pr‚cis";"indubitable [a]: incontestable; rigoureux; ind‚niable; indiscutable; irr‚futable; absolu; assur‚; authentique; cat‚gorique; certain; constant; ‚vident; imp‚rieux; positif";
formellement;"explicitement [o]: rigoureusement; certainement; nettement";
former;"soci‚t‚ [v]: fonder; instituer; organiser; ‚tablir; cr‚er";"forme [v]: fabriquer; fa‡onner; faire; composer; constituer; pr‚senter; dessiner";"‚tat mental [v]: concevoir; imaginer; m‚diter; projeter; dessiner; ‚noncer; formuler; pr‚parer";"savoir [v]: instruire; ‚duquer; ‚lever; discipliner; entraŒner; enseigner; initier; styler; dresser; cultiver; exercer";
formes;contours [n]: lignes;
formidable;"imposant [a]: stup‚fiant; colossal; consid‚rable; ‚norme; extraordinaire; gigantesque; monstrueux; ‚tonnant";"redoutable [a]: ‚pouvantable; effrayant; effroyable; terrible; terrifiant; redout‚";sensationnel [a]: ‚patant;
formidablement;‚norm‚ment [o]: consid‚rablement;terriblement [o]: trŠs;
formulaire;questionnaire [n]: formule;"recueil [n]: codex; ‚tiquette; modŠle; trait‚";
formule;"maniŠre [n]: m‚thode; proc‚d‚; recette; mode; solution; [informal] truc";"langue [n]: expression; slogan; terme; aphorisme; dicton";"droit [n]: ‚nonc‚; libell‚; intitul‚";
formuler;"‚mettre [v]: expliciter; exprimer; ‚noncer; d‚poser";‚tablir [v];former [v];
fort;"puissant [a]: robuste; solide; vigoureux; viril; athl‚tique; hercul‚en; costaud; balŠze; baraqu‚";"courageux [a]: ferme; ‚nergique";"savant [a]: dou‚; habile; capable; exp‚riment‚; cal‚";puissant [a]: influent;dur [a]: inusable;"dru [a]: ‚pais; touffu; serr‚; abondant";intense [a]: lourd;"‚lev‚ [a]: grand; important";"‚pic‚ [a]: piquant; relev‚; ƒcre; rude; vert; piquant; p‚n‚trant; d‚sagr‚able";"efficace [a]: irr‚sistible; invincible";"v‚h‚ment [a]: vif; violent";"incroyable [a]: extraordinaire; inou‹; invraisemblable; outr‚; pouss‚; du tonnerre; de cheval; carabin‚; raide; fort de caf‚";"hercule [n]: malabar; costaud; balŠze";"d‚fense [n]: citadelle; forteresse; fortin; bastion; blockhaus; ouvrage; redoute; retraite; retranchement; redan";"beaucoup [o]: abondamment; amplement; consid‚rablement; copieusement; en abondance; largement; … foison; … profusion";"fortement [o]: ardemment; bien; dur; extrˆmement; tout … fait; trŠs; violemment";ˆtre fort [o]: se faire fort de;
fort de caf‚;fort [o]: exag‚r‚;
fortement;"vigoureusement [o]: violemment; vivement; profond‚ment; puissamment; solidement; avec force; ‚nergiquement; lourdement; nettement; fermement; intens‚ment";
forteresse;"mur [n]: rempart; citadelle";"fort [n]: citadelle; chƒteau; blockhaus; fortin; place forte";
fortifiant;"remontant [n]: reconstituant; tonique";"vivifiant [a]: nourrissant; nutritif; reconstituant; remontant; restaurant; tonique";
fortification;rempart [n]: d‚fense;
fortifier;"armer [v]: prot‚ger; d‚fendre; retrancher; entourer";"consolider [v]: renforcer; ‚tayer";"tremper [v]: durcir; endurcir; affermir";"confirmer [v]: corroborer; raffermir; ‚tayer";se fortifier [o];
fable;"mensonge [n]: tromperie; imagination; fantaisie; ‚lucubration; invention";"conte [n]: anecdote; mythe; fiction; l‚gende; r‚cit; moralit‚; apologue; parabole; all‚gorie; fabliau";
fabricant;"fonction [n]: industriel; manufacturier; chef d'‚tablissement";
fabricateur;"cr‚ateur [n]: inventeur; producteur; artisan";"falsificateur [n]: fraudeur; contrefacteur; faussaire";
fabrication;"cr‚ation [n]: invention; production; composition; confection";
fabrique;fabrication [n]: fa‡on;"usine [n]: manufacture; ‚tablissement industriel";
fabriqu‚;"forg‚ [a]: falsifi‚; invent‚; imagin‚; artificiel";"cr‚‚ [a]: manufactur‚; confectionn‚; fa‡onn‚; bƒti; construit; usin‚; r‚alis‚";
fabriquer;"fait [v]: faire; fa‡onner; cr‚er; r‚aliser; former; confectionner; usiner; mettre en ?uvre; manufacturer; produire; ex‚cuter; ‚laborer; ?uvrer; composer";"‚tat mental [v]: inventer; imaginer; calomnier; m‚dire; fausser; forger";
fabulation;mythomanie [n];affabulation [n];
fabuleusement;prodigieusement [o]: extrˆmement;
fabuleux;"fantastique [a]: incroyable; miraculeux; prodigieux; ‚tonnant; extraordinaire; inou‹; romanesque";"mythologique [a]: mythique; l‚gendaire; chim‚rique; imaginaire; irr‚el; all‚gorique; faux; erron‚; fictif; illusoire";
fa‡ade;"devant [n]: front; face; devanture";"ext‚rieur [n]: aspect; dehors";de fa‡ade [o];
face;"aspect [n]: apparence; point de vue; tournure";"visage [n]: physionomie; figure; tˆte; mine";avers [n];"angle [n]: coin; c“t‚; couture";fa‡ade [n]: front;"en face [o]: en face de; face … face";
fac‚tie;"bouffonnerie [n]: farce; mystification; plaisanterie; baliverne; tour; niche; pitrerie";
fac‚tieux;"farceur [n]: plaisantin; blagueur; loustic; chahuteur";"dr“le [a]: comique; plaisant; r‚jouissant; spirituel; moqueur; gouailleur; jovial";
fƒch‚;"navr‚ [a]: d‚sol‚; attrist‚";"irrit‚ [a]: froiss‚; contrari‚; courrouc‚; ulc‚r‚; offusqu‚; m‚content";ˆtre fƒch‚ [o];
fƒcher;"attrister [v]: chagriner; peiner; contrister; affliger; navrer";"m‚contenter [v]: contrarier; indisposer; vexer; agacer; irriter; exasp‚rer; piquer";se fƒcher [o];
fƒcherie;"contrari‚t‚ [n]: d‚pit; irritation";"brouille [n]: d‚saccord; bouderie";
fƒcheux;"gˆnant [a]: ennuyeux; d‚sagr‚able; embarrassant; d‚plaisant; embˆtant";"regrettable [a]: contrariant; d‚plorable; malencontreux; malheureux; intempestif; inopportun";difficile [a]: p‚nible;"gˆneur [n]: importun; indiscret; raseur";
facies;faciŠs [o];
faciŠs;"visage [n]: figure; face";"apparence [n]: aspect; configuration; structure; morphologie; facies";
facile;"trait de caractŠre [a]: docile; indulgent; conciliant; mall‚able; tol‚rant; accommodant; arrangeant; complaisant; doux; faible; traitable; libre; relƒch‚; bonhomme; l‚ger";"maniŠre [a]: commode; faisable; abordable; accessible; possible; praticable; r‚alisable; simple; usuel; ais‚; ex‚cutable; p‚n‚trable; naturel; ordinaire; ‚l‚mentaire";
facilement;"ais‚ment [o]: commod‚ment; naturellement; sans difficult‚; comme une fleur";
facilit‚;"simplicit‚ [n]: accessibilit‚; commodit‚";mobilit‚ [n]: aise;"chance [n]: latitude; libert‚; avantage; moyen; jeu; marge; possibilit‚; occasion";"aide [n]: appui; secours";"aptitude [n]: aisance; don; adresse; brio; habilet‚; facult‚; naturel; vocation; disposition";douceur [n]: indulgence;"condescendance [n]: complaisance; faiblesse; laisser-aller; paresse; relƒchement; mollesse";verve [n]: faconde;
faciliter;"simplifier [v]: m‚nager; arranger; aplanir; pr‚parer; aider; mƒcher la besogne";
fa‡on;"forme [n]: configuration; conformation";"moyen [n]: m‚thode; mode; proc‚d‚";"technique [n]: cr‚ation; fabrication; travail; ex‚cution; confection; coupe";"maniŠre [n]: conduite; comportement; air; allure; attitude; d‚gaine; ton";
faconde;"volubilit‚ [n]: facilit‚; exub‚rance; bagou; verve; abondance; loquacit‚; prolixit‚";
fa‡onner;"confectionner [v]: modeler; sculpter";"travailler [v]: usiner; fabriquer; ‚laborer; faire; ouvrer";"pr‚parer [v]: apprˆter; p‚trir";tourner [v];labourer [v];"former [v]: dresser; modifier; ‚duquer; transformer";"habituer [v]: accoutumer; plier";
fa‡onnier;"affect‚ [a]: c‚r‚monieux; mani‚r‚; pr‚cieux; poseur; minaudier; apprˆt‚; artificiel; pr‚tentieux";artisan [n]: ouvrier;
fa‡ons;"chichis [n]: simagr‚es; minauderies; c‚r‚monies; airs; embarras; histoires";
fac-simil‚;"copie [n]: reproduction; imitation; double; figuration";
facteur;"messager [n]: commissionnaire; mandataire; agent; commis; interm‚diaire; envoy‚; estafette; exprŠs";"fabricant d'orgues [n]: accordeur; luthier";"‚l‚ment [n]: agent; cause";"coefficient [n]: puissance; rapport; quotient; multiplicande; multiplicateur; diviseur";
factice;"faux [a]: falsifi‚; copi‚; artificiel; imit‚; affect‚; feint; fictif; forc‚; postiche; compos‚; emprunt‚";
factieux;"agitateur [n]: insurg‚; agent provocateur; mutin; r‚volutionnaire; rebelle; r‚volt‚; semeur de troubles";"r‚volutionnaire [a]: rebelle; s‚ditieux; sectaire; r‚actionnaire; subversif; r‚volt‚; insurg‚; insurrectionnel";
faction;garde [n]: guet;"complot [n]: cabale; conjuration; conspiration; r‚bellion; s‚dition; agitation; brigue; intrigue; mutinerie; ligue; r‚volution";ˆtre en faction [o];
factionnaire;sentinelle [n];
factum;"pamphlet [n]: libelle; diatribe";m‚moire [n]: expos‚;
facture;"compte [n]: ‚tat; addition; note; relev‚; bordereau; m‚moire";"maniŠre [n]: style; technique; ex‚cution; travail";
facult‚;"talent [n]: aptitude; facilit‚; capacit‚; don; ressource";"moyen [n]: possibilit‚; pouvoir; puissance; capacit‚; droit; libert‚; latitude; privilŠge; autorisation";enseignement sup‚rieur [n]: universit‚;
fada;fou [n]: cingl‚;un peu fou [a]: cingl‚;
fadaise;"bagatelle [n]: v‚tille; bˆtise";"platitude [n]: niaiserie; baliverne; calembredaine; sornette; billeves‚e";
fade;"pƒle [a]: terne; d‚lav‚";"insipide [a]: ‚c?urant; douceƒtre; doucereux; fadasse";"ennuyeux [a]: insipide; plat; insignifiant; inexpressif; sans caractŠre";rendre fade [o];
fadeur;insipidit‚ [n];"platitude [n]: manque de caractŠre; manque d'int‚rˆt; manque de vivacit‚; convention; affectation";fadaise [n];
fagot;"bourr‚e [n]: fascine; javelle; cotret; margotin";
fagot‚;"affubl‚ [a]: accoutr‚; mal vˆtu; ficel‚";
fagoter;vˆtir [v]: habiller;
faible;"‚tat physique [a]: affaibli; ch‚tif; d‚bile; fragile; malingre; d‚ficient; d‚licat; fluet; asth‚nique; infirme; rachitique; an‚mi‚; an‚mique; frˆle; grˆle";"trait de caractŠre [a]: d‚sarm‚; impuissant; vuln‚rable; vacillant; instable; inconstant; veule; lƒche; mou; pliant; flasque; sans fermet‚";"qualit‚ [a]: insuffisant; m‚diocre; mauvais";"personne [n]: avorton; gringalet";go–t [n]: penchant;
faiblement;peu [o]: insuffisamment;"doucement [o]: vaguement; mollement";
faiblesse;"syncope [n]: ‚vanouissement; d‚faillance; pƒmoison";"fragilit‚ [n]: d‚bilit‚; an‚mie; d‚ficience; d‚licatesse; abattement; affaiblissement; impuissance; manque de puissance; infirmit‚; asth‚nie";"insuffisance [n]: inf‚riorit‚; insignifiance; m‚diocrit‚; pauvret‚; point faible; trou; lacune";"entraŒnement [n]: erreur; faute; glissade";"complaisance [n]: apathie; aveulissement; irr‚solution; ind‚cision; laisser-aller; langueur; mollesse; lƒchet‚; facilit‚";pr‚f‚rence [n]: penchant;faiblesse d'esprit [o];
faiblir;"s'affaiblir [v]: s'‚puiser; d‚cliner; d‚faillir";"plier [v]: ployer; vaciller; baisser; c‚der; chanceler; fl‚chir; mollir";
fa‹ence;c‚ramique [n]: cailloutage;
faillir;ˆtre sur le point de [v];"manquer … [v]: n‚gliger; se d‚rober; s'esquiver";"commettre une faute [v]: succomber; choir; tomber; fauter; p‚cher";
faillite;"d‚bƒcle [n]: banqueroute; krach; ruine; d‚p“t de bilan; liquidation judiciaire; d‚confiture";
faim;"‚tat mental [n]: besoin; d‚sir; envie; soif; ambition; app‚tence";"‚tat physique [n]: app‚tit; boulimie; fringale";
fain‚ant;"paresseux [n]: bon … rien; d‚s?uvr‚; oisif; fl‚mard; flemmard; feignant; faignant";"paresseux [a]: apathique; d‚s?uvr‚; inactif; indolent; inutile; musard; nonchalant; oisif; propice … rien; fl‚mard; flemmard; feignant; faignant";
fain‚anter;"paresser [v]: l‚zarder; flemmarder; coincer la bulle; glander; glandouiller";
fain‚antise;"paresse [n]: oisivet‚; inaction; inertie; apathie";
faire;"travailler [v]: ‚tudier; s'occuper; se taper";"entreprendre [v]: accomplir; effectuer; agir; ex‚cuter; r‚aliser; pratiquer; remplir une tƒche; ficher; foutre";"pr‚parer [v]: cr‚er; composer; produire; engendrer; fabriquer; fa‡onner; confectionner; construire; bƒtir; ‚riger";conditionner [v]: former;"instaurer [v]: instituer; ‚tablir; constituer";"arranger [v]: combiner; disposer; nettoyer; ranger";"causer [v]: occasionner; d‚terminer";"contrefaire [v]: feindre d'ˆtre; jouer le r“le de; affecter de";"commettre [v]: perp‚trer; provoquer";"gagner [v]: obtenir; amasser; procurer; se procurer";"repr‚senter [v]: ˆtre; valoir";se comporter [v];s'attirer [v];rendre [v];"observer [v]: op‚rer; mettre en pratique";"cultiver [v]: r‚colter; semer";"faire cas [o]: faire cas de; faire ‚tat de; faire en sorte que; faire face; faire face …; faire-part; s'en faire; se faire";
faire abstraction;"abstraire [v]: ‚carter; exclure; retirer; ne pas tenir compte";
faire abstraction de;‚carter [v];
faire admettre;introduire [v];
faire apparaŒtre;‚voquer [v];
faire attention;‚tat [v]: ˆtre prudent;
faire attention …;veiller … [v];
faire bonne mine;faire bon accueil [v];
faire cas de;compter [v]: consid‚rer;
faire chanceler;"‚branler [v]: rendre incertain; affaiblir";
faire chorus;ˆtre du mˆme avis [v];
faire confiance …;avoir confiance dans [v]: compter sur;
faire connaŒtre;"exprimer [v]: d‚signer; donner; d‚noncer; indiquer";
faire courir;"colporter [v]: r‚pandre; divulguer; propager";
faire d‚choir;abaisser [v]: d‚grader;
faire d‚faut;d‚faillir [v]: manquer;
faire de l'effet;faire sensation [v];op‚rer [v]: agir;
faire des gorges chaudes;se moquer de [v]: railler;
faire des libations;boire abondamment [v];
faire des siennes;faire des sottises [v];
faire disparaŒtre;"vaincre [v]: lever; dissiper";"enlever [v]: cacher; effacer; escamoter";"chasser [v]: d‚truire; an‚antir; supprimer";exterminer [v]: tuer;
faire durer;"‚terniser [v]: prolonger; proroger; traŒner";"‚conomiser [v]: ‚pargner; conserver";
faire ‚chouer;d‚jouer [v]: confondre;
faire effort;s'efforcer [v]: s'escrimer;
faire entendre;"‚noncer [v]: dire; exprimer; ‚mettre";
faire ‚tat de;arguer [v]: citer;
faire explosion;fulminer [v];‚clater [v];
faire fausse route;se tromper [v]: s'‚garer;
faire fi de;m‚priser [v];
faire florŠs;"fleurir [v]: briller; r‚ussir; avoir du succŠs";
faire fondre;dissoudre [v]: d‚layer;
faire fureur;susciter le plus grand engouement [v]: connaŒtre un immense succŠs;
faire grƒce;pardonner [v]: ‚pargner;
faire grise mine;accueillir avec froideur [v];
faire halte;s'arrˆter [v]: arrˆter;
faire hommage;d‚dier [v]: offrir;
faire joujou;"jouer [v]: s'amuser; s'‚battre; s'‚brouer";
faire justice;punir [v];
faire la fˆte;"faire la noce [v]: faire la bombe; faire bombance; faire la vie; faire la foire";
faire l'affaire;convenir [v];
faire la guerre …;combattre [v];r‚primander [v];
faire la lippe;bouder [v]: faire la moue;
faire la roue;se pavaner [v]: se rengorger;
faire la soudure;r‚pondre aux besoins [v]: r‚pondre … la demande;
faire le flambard;"faire le fanfaron [v]: faire le malin; crƒner";
faire le grand seigneur;d‚penser sans compter [v]: ˆtre g‚n‚reux avec ostentation;
faire le saut;"se r‚soudre … [v]: se d‚cider …; franchir le Rubicon";
faire le trottoir;"se livrer … la prostitution [v]: faire du racolage; faire le tapin";
faire le zigoto;faire le malin [v]: faire l'int‚ressant;
faire le zouave;"faire le malin [v]: faire le pitre; faire le guignol";
faire marrer;"faire rire [v]: faire rigoler; amuser";
faire mine de;donner l'apparence de [v]: donner l'impression que;faire semblant de [v];
faire miroiter;promettre [v];
faire monter;‚lever [v]: exhausser;
faire mourir;frapper … mort [v]: exp‚dier;
faire naŒtre;"engendrer [v]: exciter; susciter; ‚veiller";
faire paraŒtre;sortir [v]: d‚ployer;
faire participer;associer [v]: admettre;
faire partie de;appartenir … [v]: ˆtre membre de;contenir [v]: entrer;
faire partir;exp‚dier [v]: emballer;
faire parvenir;"communiquer [v]: acheminer; adresser; transmettre";
faire p‚n‚trer;enfoncer [v];
faire penser …;rappeler [v];
faire perdre la raison;"d‚router [v]: abuser; ‚garer";
faire p‚rir;exterminer [v]: annihiler;
faire plaisir;plaire [v]: r‚jouir;
faire ressortir;accentuer [v]: d‚tacher;
faire revenir;faire rissoler [v];rappeler [v];
faire saillie;saillir [v]: sortir;
faire sauter;dynamiter [v]: miner;cuire … feu vif [v];‚liminer [v];
faire savoir;"apprendre [v]: informer; instruire; enseigner; signaler; signifier; mander";
faire semblant;"feindre [v]: dissimuler; simuler";
faire sortir;mouvement [v]: expulser;
faire sortir de;tirer [v];
faire souffrir;"battre [v]: faire mal; tourmenter; torturer";
faire supposer;impliquer [v]: inclure;
faire tache d'huile;se r‚pandre [v]: faire boule de neige;
faire taire;"r‚duire au silence [v]: imposer silence; clouer le bec";"calmer [v]: empˆcher de parler; empˆcher de crier; empˆcher de pleurer";
faire tomber;induire [v];abattre [v];
faire tort;"l‚ser [v]: d‚shonorer; porter atteinte …";
faire traŒner;"temporiser [v]: atermoyer; faire languir; tarder; retarder; repousser; reculer; remettre; proroger; surseoir …";
fam‚;mal fam‚ [o];
fam‚lique;"affam‚ [a]: mis‚reux; meurt-de-faim; crŠve-la-faim";
fameux;"qualit‚ [a]: c‚lŠbre; connu; glorieux; r‚put‚; renomm‚; m‚morable; sup‚rieur; brillant; illustre; grand; inoubliable; insigne";"go–t [a]: excellent; trŠs bon";
familial;domestique [a]: parental;
familiariser;"apprivoiser [v]: dresser; entraŒner";"habituer [v]: accoutumer; acclimater";se familiariser [o];
familiarit‚;"maniŠre [n]: bonhomie; abandon; libert‚; grossiŠret‚; d‚sinvolture; effronterie; sans-gˆne; privaut‚; libert‚";"relation [n]: intimit‚; habitude; fr‚quentation";
familier;"libre [a]: grossier; cavalier";"connu [a]: ordinaire; habituel; coutumier; simple; usit‚";"liant [a]: accessible; simple";habitu‚ [n];
familiŠrement;"librement [o]: simplement; … bƒtons rompus";
famille;"relation [n]: m‚nage; foyer; maison; maisonn‚e; toit; logis; tribu; prog‚niture; [informal] smala; marmaille";"soci‚t‚ [n]: descendance; g‚n‚ration; lign‚e; dynastie; race; post‚rit‚; sang; maison; extraction; origine; parent‚; nom; naissance; souche";"forme [n]: groupe; genre";
famine;"faim [n]: absence d'aliments; manque de vivres; misŠre; disette";
fanal;"lanterne [n]: feu; falot; phare; flambeau";
fanatique;sectaire [a]: intol‚rant;"passionn‚ [a]: fervent; exalt‚; ardent; chaleureux; enthousiaste; fougueux; fou; z‚l‚; transport‚; enrag‚; amoureux";"passionn‚ [n]: fervent; fan; exalt‚; enthousiaste; z‚lateur; fana";
fanatisme;passion [n]: zŠle;"sectarisme [n]: intol‚rance; ‚troitesse de vue";
fan‚;"d‚fraŒchi [a]: blˆme; terne; us‚; vieilli; fatigu‚";
faner;"fl‚trir [v]: d‚fraŒchir; d‚colorer; ternir; s‚cher";se faner [o];
fanfare;fracas [n]: ‚clat;musique [n];
fanfaron;"menteur [n]: hƒbleur; crƒneur; fendant; gascon; matamore; rodomont; fier-…-bras";"vantard [a]: hƒbleur; suffisant; pr‚tentieux; vaniteux";
fanfaronnade;"vantardise [n]: forfanterie; hƒblerie; bravade; gasconnade; rodomontade";
fanfaronner;"se vanter [v]: crƒner; poser";
fanfreluche;frivolit‚ [n]: ornement;
fange;"ignominie [n]: abjection; bassesse";"boue [n]: bourbe; immondice; ordure; vase; crotte; limon";
fangeux;"vaseux [a]: boueux; trouble; abject";
fanion;drapeau [n]: ‚tendard;
fantaisie;"esprit [n]: boutade; humour";"imagination [n]: illusion; id‚e; pens‚e; rˆverie; utopie; chimŠre";fable [n];"caprice [n]: extravagance; envie; d‚sir; folie; lubie; volont‚ passagŠre";"gr‚ [n]: go–t; guise; pr‚dilection";
fantaisiste;"fumiste [n]: original; amateur; humoriste; dilettante";"capricieux [a]: changeant; inconstant; dilettante; versatile";
fantasque;"capricieux [a]: changeant; bizarre; ‚trange; versatile; fantaisiste; lunatique; original; saugrenu";
fantastique;"‚tonnant [a]: extravagant; extraordinaire; bizarre; ‚norme; invraisemblable; merveilleux; sensationnel; admirable; chim‚rique; colossal; fabuleux; gigantesque; incoh‚rent; abracadabrant";"surnaturel [a]: irr‚el; imaginaire; f‚erique; fantasmagorique; miraculeux";
fantoche;pantin [n];"marionnette [n]: guignol; pantin; polichinelle";
fant“me;"ombre [n]: apparence; chimŠre; simulacre";"apparition [n]: spectre; revenant; vision; ‚pouvantail; esprit";
faquin;"coquin [n]: garnement; maraud; sacripant; vaurien; chenapan; canaille";
faramineux;"‚tonnant [a]: extraordinaire; prodigieux";
faraud;"fanfaron [n]: vantard; pr‚tentieux";
farce;com‚die [n]: piŠce comique;hachis [n];"fac‚tie [n]: plaisanterie; tromperie; malice; mystification; attrape; blague; canular; malice; tour; niche";
farceur;mauvais plaisant [n];"blagueur [n]: mystificateur; plaisantin";
farci;plein [a]: bourr‚;rempli de farce [a];
farcir;bourrer [v]: truffer;remplir [v]: garnir de farce;se farcir quelque chose [o]: se farcir quelqu'un;
fard;"d‚guisement [n]: dissimulation; artifice; trompe l'?il";"maquillage [n]: fond de teint; rouge; mascara; rimmel; poudre; cosm‚tique";
fard‚;artificiel [a];maquill‚ [a];trŠs fard‚ [o]: trop fard‚;
fardeau;"charge [n]: poids; faix; joug";
farder;"forme [v]: maquiller; grimer; mettre du fard …";"maniŠre [v]: masquer; d‚guiser; dissimuler; envelopper; embellir; voiler";navigation[v]: gonfler;
fardier;chariot … deux roues [n]: binard;
farfadet;esprit follet [n]: lutin;
farfouiller;"chercher [v]: fouiller; bouleverser; fureter; fourrager; fourgonner; mettre en d‚sordre; retourner sans dessus dessous; trifouiller";
faribole;"baliverne [n]: sornette; bˆtise";
farine;de la mˆme farine [o]: se faire rouler dans la farine;"f‚cule [n]: ma‹zena; mouture; gruau";
farouche;"trait de caractŠre [a]: cruel; dur; barbare; rude; violent; f‚roce; acharn‚; tenace";"animal [a]: sauvage; indompt‚";
farouchement;durement [o]: violemment;
fascinant;"extraordinaire [a]: envo–tant; merveilleux; troublant; attachant; charmant; s‚duisant";
fascination;"attrait [n]: charme; s‚duction; appel; ‚blouissement; envo–tement; trouble";"ensorcellement [n]: hypnotisme; magie";
fascine;fagot [n]: faix;
fasciner;"attirer [v]: captiver; charmer; ‚merveiller; envo–ter; s‚duire; troubler; conqu‚rir; ‚blouir; ‚garer; plaire";hypnotiser [v]: magn‚tiser;
faste;"luxe [n]: grandeur; appareil; apparat; magnificence; ostentation; pompe; somptuosit‚; splendeur; ‚clat; brillant; ‚talage; opulence";"favorable [a]: heureux; propice";
fastes;"calendrier [n]: annales; archives; histoire; m‚moires; chroniques";
fastidieux;"aga‡ant [a]: importun; lassant; d‚plaisant; ‚nervant; ennuyeux; fatigant; insipide; insupportable; long; assommant; endormant; barbant";
fastueux;"somptueux [a]: magnifique; opulent; luxueux; riche; imposant; beau; ‚clatant";
fat;"poseur [n]: pr‚tentieux; vaniteux";"arrogant [a]: avantageux; impertinent; orgueilleux; pr‚tentieux; poseur; sot; vain; vaniteux; infatu‚; suffisant";
fatal;"in‚vitable [a]: irr‚vocable; immanquable; in‚luctable; certain; marqu‚ par le destin; obligatoire; ‚crit";"mortel [a]: funeste; n‚faste; nuisible; d‚plorable; malheureux";
fatalement;"in‚vitablement [o]: forc‚ment; n‚cessairement; obligatoirement";
fataliste;r‚sign‚ [a]: philosophe;
fatalit‚;"catastrophe [n]: adversit‚; calamit‚; d‚sastre; mal‚diction; circonstance malheureuse; ‚ventualit‚ fƒcheuse";"destin [n]: destin‚e; fatum; ‚toile; hasard; sort";
fatigant;abrutissant [a];"‚puisant [a]: ext‚nuant; ‚reintant; p‚nible; accablant; tuant; crevant";"fastidieux [a]: assommant; lassant; ennuyeux; barbant; rasant";
fatigue;ennui [n]: tracas;"‚puisement [n]: ‚reintement; ext‚nuation; abattement; accablement; lassitude; surmenage; harassement; coup de pompe";d‚formation [n]: changement d'‚tat;bris‚ de fatigue [o];
fatigu‚;"‚tat physique [a]: las; rompu; recru; rendu; bris‚; harass‚; ‚reint‚; ext‚nu‚; ‚puis‚; moulu; courbatu; courbatur‚; vann‚; vid‚";"‚tat mental [a]: exc‚d‚; lass‚; satur‚; d‚go–t‚";"‚tat [a]: usag‚; d‚fraŒchi; us‚; abŒm‚; d‚form‚";"corps [a]: faible; souffrant; d‚rang‚";
fatiguer;"‚tat physique [v]: ‚puiser; ext‚nuer; harasser; accabler; briser; ‚chiner; ‚craser; ‚reinter; lasser; surmener; [informal] esquinter; [informal] claquer; [informal] crever";"‚tat mental [v]: ennuyer; ‚tourdir; d‚go–ter; exc‚der; importuner; rebuter; harceler; tracasser; assommer; [informal] raser";
fatiguer extrˆmement;esquinter [v]: ‚reinter;
fatras;galimatias [n];"d‚sordre [n]: amas; entassement; monceau; confusion";
fatuit‚;"orgueil [n]: infatuation; outrecuidance; pr‚tention; vanit‚; suffisance; importance";
fatum;destin [n]: fatalit‚;
fauber;"faubert [n]: balai; vadrouille";
faubert;fauber [o];
faubourg;banlieue [n]: p‚riph‚rie;
faubourien;"populacier [a]: vulgaire; commun";r‚sident de banlieue [n];
fauch‚;sans argent [a]: d‚sargent‚;
faucher;"abattre [v]: renverser; d‚truire; an‚antir; coucher";moissonner [v]: couper;"voler [v]: d‚rober; chiper; piquer; barboter";
faucon;‚pervier [n];"cr‚cerelle [n]: ‚merillon; ‚mouchet; ‚pervier; gerfaut; hobereau; laneret; lanier; pŠlerin; sacre; tiercelet";petit canon [n]: fauconneau;
fauconnerie;volerie [n];affaitage [n];
faufiler;se faufiler [o];bƒtir [v];
faune;"satyre [n]: chŠvre-pied; sylvain";avifaune [n];
faussaire;"contrefacteur [n]: faux-monnayeur; escroc; fripon";
fausser;abŒmer [v];"falsifier [v]: d‚naturer; contrefaire; d‚former; adult‚rer; alt‚rer; farder; frelater; maquiller; pervertir; travestir; vicier";"courber [v]: bossuer; bosseler; plier; tordre; forcer";fausser compagnie [o];
fausser compagnie;abandonner [v]: quitter;
fausset‚;"hypocrisie [n]: duplicit‚; fourberie; d‚loyaut‚; pharisa‹sme; tartufferie; affectation; contrefa‡on; dissimulation";"mensonge [n]: erreur; imposture; inexactitude; tromperie";
faute;"soci‚t‚ [n]: d‚lit; forfait; p‚ch‚; inconduite; infraction; crime; m‚fait; offense; chute; mauvaise action; n‚gligence; peccadille";"‚tat [n]: absence; manque; privation; d‚faut";"langue [n]: erreur; inattention; inexactitude; irr‚gularit‚; omission; abus; anachronisme; lapsus; sottise; tort";
fauteuil;siŠge [n]: place;
fauteur;"excitateur [n]: instigateur; fomentateur; provocateur";
fautif;d‚fectueux [a]: vicieux;coupable [a];
fauve;"bˆte f‚roce [n]: bˆte sauvage; carnassier; carnivore; f‚lin; lion; panthŠre; tigre; l‚opard";"roux [a]: roussƒtre; jaune; mordor‚";
faux;"qualit‚ [a]: inexact; infidŠle; incorrect; imaginaire; erron‚; controuv‚; injuste; insoutenable; invent‚; mal fond‚; irrationnel; mensonger; vain; suppos‚; pr‚tendu";"‚tat [a]: falsifi‚; contrefait; copi‚; factice; alt‚r‚; artificiel; feint; frelat‚; pastich‚; plagi‚; postiche; simul‚; sophistiqu‚; trompeur; truqu‚";musique [a]: discordant;"trait de caractŠre [a]: fourbe; hypocrite; sournois; tortueux; traŒtre; machiav‚lique; perfide";"objet [n]: copie; pastiche; contrefa‡on";"fait [n]: mensonge; illusion";"technique [n]: faucille; fauchon; faucard; fauchard";
faux bruit;"canular [n]: fausse nouvelle; farce";
faux col;mousse [n];
faux-fuyant;"excuse [n]: pr‚texte; ‚chappatoire; atermoiement; fuite";
faux pas;"faute [n]: faiblesse; ‚cart de conduite";chute [n]: glissade;
faveur;"estime [n]: popularit‚; vogue; consid‚ration";"privilŠge [n]: avantage; cr‚dit; honneur; pouvoir; service";"complaisance [n]: grƒce; amour; bienfait; bon office; amiti‚; b‚n‚diction; plaisir";"bienveillance [n]: appui; bonnes grƒces";en faveur de [o];
favorable;"commode [a]: propice; opportun; avantageux; convenable; bon; heureux";"accommodant [a]: bienveillant; complaisant; cl‚ment; indulgent; obligeant; secourable; sympathique";se rendre favorable [o];
favorablement;"bien [o]: heureusement; avantageusement";
favori;"pr‚f‚r‚ [n]: mignon; courtisan; chouchou";"pr‚f‚r‚ [a]: ‚lu; privil‚gi‚; prot‚g‚";"patte [n]: patte de lapin; rouflaquette";
favoris‚;"privil‚gi‚ [a]: heureux; bien loti";
favoriser;faciliter [v]: f‚conder;"aider [v]: avantager; encourager; seconder; prot‚ger; soutenir";
favus;"dermatose [n]: teigne; pelade";
fayot;sous-officier rengag‚ [n];haricot sec [n];
f‚al;"fidŠle [a]: d‚vou‚; loyal";"partisan [n]: ami d‚vou‚; ami fidŠle";
f‚brile;"nerveux [a]: ‚nerv‚; excit‚";fi‚vreux [a];
f‚brilit‚;"agitation [n]: excitation; nervosit‚";
fŠces;excr‚ments [n]: d‚f‚cation;
f‚cond;personne, animal [a]: prolifique;"nature [a]: fertile; productif; g‚n‚reux; riche";"fait [a]: fructueux; abondant; in‚puisable; riche";
f‚conder;fertiliser [v]: impr‚gner;engendrer [v];enrichir [v];
f‚condit‚;fertilit‚ [n]: productivit‚;facult‚ de reproduction [n];richesse [n];
fedai;fedayin [o];
fedayin;r‚sistant palestinien [n]: fedai;
f‚d‚ration;"association [n]: groupement; soci‚t‚; ligue; union; syndicat; amicale";
f‚erique;"magique [a]: merveilleux; fantastique";
feindre;"dissimuler [v]: mentir; d‚guiser";"simuler [v]: affecter; faire semblant; imiter; contrefaire";
feint;artificiel [a]: simul‚;"faux [a]: fictif; factice; controuv‚; imaginaire; de commande";
feinte;"dissimulation [n]: hypocrisie; mensonge; com‚die; ruse; simulation; tromperie; artifice; d‚guisement";piŠge [n]: attrape;
feinter;tromper par une feinte [v];faire une feinte [v];"tromper [v]: rouler; avoir; poss‚der";
fˆl‚;un peu fou [a];"‚br‚ch‚ [a]: l‚zard‚; craquel‚";
fˆler;se fˆler [o];
f‚licitation;"‚loge [n]: glorification; louange; pan‚gyrique; applaudissement";compliment [n]: congratulation;
f‚licit‚;"bonheur [n]: b‚atitude; bien-ˆtre; contentement; joie; paradis; plaisir; prosp‚rit‚; d‚lices; enchantement; extase; fortune; aise; chance";
f‚liciter;"relation [v]: applaudir; approuver; complimenter; louer; vanter; saluer";
f‚liciter de;louer de [v];
f‚lin;fauve [n];
f‚lon;"d‚loyal [a]: hypocrite; infidŠle; traŒtre; rebelle";
f‚lonie;trahison [n]: forfaiture;"d‚loyaut‚ [n]: acte d‚loyal; infid‚lit‚";
fˆlure;"fente [n]: cassure; fissure";
f‚minin;"trait de caractŠre [a]: eff‚min‚; f‚ministe";
femme;"personne [n]: ‚pouse; conjointe; compagne; [informal] bonne femme; [informal] nana; [informal] p‚p‚e; [informal] souris";"femme grande et maigre [n]: [informal] cheval; ‚chalas; grande perche; sauterelle; grande bringue";"jolie femme [n]: beaut‚; pin-up";"femme petite et grosse [n]: [informal] tonneau; boudin";"femme autoritaire [n]: dragon; gendarme";
femme de chambre;"bonne [n]: servante; femme de m‚nage; cam‚riste; soubrette";
femme de m‚nage;"bonne [n]: servante; femme de chambre; cam‚riste; soubrette";
femme entretenue;demi-mondaine [n];
fenaison;"r‚colte [n]: foin; moisson";
fendant;"bravache [n]: fier-…-bras; matamore; rodomont";
fendill‚;gerc‚ [a]: l‚zard‚;
fendiller;se fendiller [o];
fendre;"fˆler [v]: l‚zarder; creuser; crever; rainer; rayer; strier";"diviser [v]: couper; ‚carter; ouvrir; s‚parer; sectionner; inciser; p‚n‚trer; traverser; briser; d‚chirer";se fendre [o]: se fendre de;
fendu;"ouvert [a]: gerc‚; fˆl‚";
fenˆtre;"construction [n]: ouverture; baie; bow-window; hublot; lucarne; chƒssis; crois‚e; ?il-de-b?uf; tabatiŠre; vasistas; vitrail; vitrine";
fente;"fˆlure [n]: fissure; brisure; cassure; crevasse; l‚zarde";"creux [n]: cavit‚; excavation; intervalle; ouverture; trou; vide; jour; judas";"scissure [n]: ger‡ure; commissure";"rainure [n]: rayure; ‚chancrure; ride; striure";meurtriŠre [n]: chantepleure;
f‚odalit‚;moyen ƒge [n];
fer;‚p‚e [n]: fleuret;m‚tal [n];ferrure [n];"alliages de fer [o]: battre le fer; chemin de fer; d‚bris de fer; de fer; en fer … cheval; fer-blanc; fer de lance; en fer de lance; fer ‚tam‚; fer lamin‚; garniture en fer; minerais de fer; les quatre fers en l'air; tomber les quatre fers en l'air";
fer-blanc;fer ‚tam‚ [n]: t“le;
fer de lance;pointe [n];
fer ‚tam‚;fer-blanc [n];
fer lamin‚;t“le [n];
fermage;exploitation [n];affermage [n]: m‚tayage;
fermail;agrafe [n]: fermoir de livre;
ferme;"consistant [a]: dur; r‚sistant; fort; solide; rigide; ancr‚; vigoureux; homogŠne";"inflexible [a]: r‚solu; imperturbable; impassible; in‚branlable; intransigeant; persistant; rigoureux; r‚solu; tenace; constant; ‚nergique; d‚cid‚; d‚termin‚; assur‚";fixe [a]: stable;cession de jouissance [n]: convention de louage;"domaine rural [n]: exploitation agricole; m‚tairie";charpente [n]: comble;
ferm‚;enclos [a]: enferm‚;"clos [a]: barricad‚; verrouill‚; cadenass‚; mur‚";bouch‚ [a]: obstru‚;condamn‚ [a]: interdit;"rebelle [a]: imp‚n‚trable; indocile; ‚tranger; renferm‚; taciturne";
fermement;"maniŠre [o]: ‚nergiquement; constamment";
ferment;"agent [n]: germe; cause; levain; source";"levure [n]: levain; moisissure; enzyme; bact‚rie";
fermentation;"agitation [n]: bouillonnement; effervescence; surexcitation; remous; fiŠvre";‚bullition [n]: travail;
fermenter;"s'agiter [v]: s'‚chauffer; bouillonner; mijoter";"lever [v]: chauffer; travailler";
fermer;"entourer [v]: cerner; enclore; enfermer";"clore [v]: barricader; verrouiller; cadenasser; murer; sceller";boucher [v]: obstruer;"interdire [v]: condamner; empˆcher l'accŠs; ‚cluser; barrer le passage; endiguer; aveugler";"arrˆter [v]: ‚teindre; terminer; couper; disjoncter";"fixer [v]: agrafer; boutonner; cacheter";"faire relƒche [v]: faire la semaine anglaise; ch“mer";se fermer [o];
fermet‚;"r‚solution [n]: assurance; audace; certitude; courage; d‚cision; ‚nergie; hardiesse; sang-froid; endurance";"solidit‚ [n]: consistance; r‚sistance; force; duret‚; stabilit‚; vigueur";"constance [n]: t‚nacit‚; volont‚; opiniƒtret‚";fermet‚ d'ƒme [o]: sans fermet‚;
fermeture;"serrure [n]: verrou; clef; cadenas; loquet";"barricade [n]: barrage; cl“ture; grille; porte; vantail; volet; tampon; occlusion; chƒssis";"arrˆt [n]: cessation; suspension; interdiction";
fermier;"droit [n]: m‚tayer; tenancier; locataire";"fonction [n]: agriculteur; cultivateur; paysan; exploitant agricole";
f‚roce;"animal [a]: sanguinaire; sauvage";"personne [a]: barbare; cruel; brutal; violent; acharn‚; sadique; inhumain; impitoyable; implacable; insensible";maniŠre [a]: terrible;
f‚rocit‚;"barbarie [n]: atrocit‚; brutalit‚; cruaut‚; inhumanit‚; sauvagerie; furie; s‚vices; violence";
ferraille;"objet [n]: assemblage m‚tallique; v‚hicule";"limaille [n]: d‚bris de m‚taux; bouts de fer; copeaux; d‚chets; rebuts";petite monnaie [n]: mitraille;
ferrailler;"se battre [v]: combattre; lutter; se disputer; en d‚coudre";"croiser le fer [v]: se battre … l'arme blanche; escrimer; se battre en duel";
ferrailleur;querelleur [n];bretteur [n]: duelliste;marchand de ferraille [n];brocanteur [n];
ferratier;marteau de mar‚chal-ferrant [n];
ferr‚;"instruit [a]: ‚rudit; savant; trŠs comp‚tent; fort; cal‚";"bard‚ [a]: garni de fer; par‚; prot‚g‚";
ferretier;ferratier [o];
ferrure;"charniŠre [n]: gond; ferronnerie; garniture de fer; instrument en fer; serrure; penture";
fers;oppression [n]: esclavage;chaŒnes [n]: liens;
fertile;"quantit‚ [a]: f‚cond; fructueux; prolifique; riche; prodigue; abondant; g‚n‚reux; producteur; productif";
fertiliser;"am‚liorer [v]: amender; f‚conder; bonifier";
fertilit‚;f‚condit‚ [n]: richesse;
f‚ru;passionn‚ [a]: ‚pris;
f‚rule;"autorit‚ [n]: pouvoir; direction";
fervent;fanatique [n]: admirateur;"ardent [a]: br–lant; chaud; enthousiaste; fanatique; z‚l‚; mystique; pieux";
ferveur;"d‚votion [n]: amour; recueillement; pi‚t‚; onction; zŠle";"ardeur [n]: chaleur; enthousiasme; exaltation; feu; flamme; force";
fess‚e;"d‚faite [n]: racl‚e; d‚culott‚e; torch‚e";"correction [n]: coup; fustigation";
fesser;"battre [v]: corriger; frapper; taper; flageller";
festin;"repas [n]: banquet; agapes; bombe; bombance; ripaille; gueuleton; brifeton; lipp‚e";
festival;gala [n]: r‚cital;festivit‚ [n]: fˆte;"c‚l‚bration [n]: kermesse; foire; manifestation";
festivit‚;r‚jouissance [n]: all‚gresse;"festival [n]: c‚l‚bration; manifestation; partie; kermesse; c‚r‚monie";
festonner;d‚corer [v]: broder;
fˆtard;"jouisseur [n]: viveur; noctambule; noceur";
fˆte;"amusement [n]: divertissement; plaisir; r‚jouissance";"solennit‚ [n]: comm‚moration; anniversaire; jubil‚; c‚r‚monie";"gala [n]: bal; soir‚e; r‚ception";festin [n];festival [n];kermesse [n];faire la fˆte [o];
fˆter;"fait [v]: c‚l‚brer; comm‚morer; solenniser; [informal] arroser";
f‚tiche;"amulette [n]: idole; talisman; porte-bonheur; mascotte";
f‚tichisme;"idolƒtrie [n]: v‚n‚ration; superstition";
f‚tide;"puant [a]: malodorant; naus‚abond; r‚pugnant; empest‚; repoussant; d‚go–tant; ‚c?urant; immonde; infect; pestilentiel; putride; m‚phitique";
f‚tidit‚;puanteur [n]: infection;
feu;d‚funt [a];"incendie [n]: embrasement; combustion; brasier; flamb‚e; sinistre";"famille [n]: foyer; m‚nage";"lumiŠre [n]: lueur; fanal; signal";"ardeur [n]: chaleur; exaltation; entraŒnement; ferveur; fougue; v‚h‚mence; vivacit‚; conviction";"trouble [n]: agitation; r‚volution";"amour [n]: flamme; passion";"faire long feu [o]: feu du ciel; feux; mettre le feu …; prendre feu";
feuillage;"charmille [n]: tonnelle; dais; berceau; ombrage";"frondaison [n]: feuill‚e; ram‚e; ramure; verdure; feuilles";chevelure [n];
feuille;"page [n]: petit ‚crit; imprim‚; carton; document; papier; formulaire; feuillet; journal; gazette";"fibre [n]: lame; lamelle; plaque";oreille [n];feuilles [o]: feuille de chou;
feuill‚;feuillu [a]: touffu;
feuille de chou;mauvais journal [n];
feuill‚e;feuill‚es [o];"ombrage [n]: abri; ram‚e; tonnelle; treille; feuillage; ram‚e";
feuilles;"verdure [n]: feuillage; v‚g‚tation; p‚tales; folioles; frondaison";
feuilleter;"consulter [v]: parcourir; lire";
feuillu;"touffu [a]: fourni; garni; feuill‚";
feutr‚;"silencieux [a]: discret; ‚touff‚; ouat‚";garni de feutre [a];
feux;chaleur [n];
fi;faire fi de [o];
fiacre;"carrosse [n]: landau; voiture; cab; citadine; coup‚; victoria";
fianc‚;"personne [n]: futur; pr‚tendu; promis";
fibre;sentiment [n]: corde;"nerf [n]: fibrille; ligament";
fibreux;filandreux [a]: nerveux;
fibule;"boucle [n]: agrafe; broche";
ficel‚;"vˆtu [a]: habill‚; fagot‚";attach‚ [a]: li‚;
ficeler;habiller [v]: vˆtir;"attacher [v]: corder; lacer; lier; serrer; brider";
ficelle;"astuce [n]: truc; artifice; subterfuge; carotte";"cƒble [n]: cordage; fil; filiŠre";"proc‚d‚ [n]: maniŠre; formule; proc‚dure";baguette de pain [n];galon [n];
ficher;"introduire [v]: enfoncer; faire p‚n‚trer; clouer; fixer; planter; visser";immobiliser sur [v]: arrˆter sur;faire [v]: travailler;appliquer [v]: flanquer;"ficher … la porte [o]: ficher dehors; ficher le camp; ficher par terre; se ficher";
fichu;"condamn‚ [a]: perdu; fini; us‚";"mauvais [a]: maudit; d‚testable; inconvenant; sacr‚; foutu";"chƒle [n]: ‚charpe; foulard; pointe; carr‚; mantille";fichu de [o]: mal fichu;
fictif;"faux [a]: feint; factice; d‚guis‚";"invent‚ [a]: all‚gorique; fabuleux; imaginaire; utopique";"conventionnel [a]: suppos‚; extrinsŠque";
fiction;"interpr‚tation [n]: invention; imagination; fable; mythe; utopie; conte; all‚gorie; allusion; chimŠre";‚conomie [n]: convention;"fait [n]: mensonge; dissimulation";
fidŠle;"conforme [a]: exact; v‚ridique; vrai; correct";"d‚vou‚ [a]: loyal; honnˆte; s–r; probe; constant; pers‚v‚rant; sincŠre; scrupuleux; attach‚; attentif; bon; solide";"adepte [n]: croyant; pros‚lyte; ouaille; paroissien; pratiquant";ˆtre fidŠle … [o];
fidŠlement;"docilement [o]: exactement; scrupuleusement";
fid‚lit‚;"qualit‚ [n]: d‚vouement; loyalisme; attachement; constance";"fait [n]: honnˆtet‚; exactitude; objectivit‚; sinc‚rit‚; v‚rit‚; correction";technique [n]: fiabilit‚;
fieff‚;"fini [a]: achev‚; complet; parfait; consomm‚";
fiel;"haine [n]: animosit‚; antipathie; acrimonie; aigreur; m‚chancet‚; humeur; venin";bile [n];"chagrin [n]: douleur; peine; amertume; ranc?ur";
fielleux;"d‚sagr‚able [a]: haineux; m‚chant; envenim‚; vip‚rin";
fier;"trait de caractŠre [a]: orgueilleux; d‚daigneux; hautain; pr‚tentieux; arrogant; m‚prisant; altier; haut; distant; suffisant";"fier de [a]: content; heureux; satisfait";"qualit‚ [a]: noble; digne";
fier-…-bras;"bravache [n]: fanfaron; fendant; matamore";
fier de;"content [o]: satisfait; heureux";
fiŠre allure;panache [n];
fiŠrement;"courageusement [o]: bravement; dignement; le front haut; crƒnement";
fiert‚;"orgueil [n]: pr‚somption; d‚dain; hauteur; arrogance; vanit‚; morgue; condescendance";"hardiesse [n]: intr‚pidit‚; vigueur";dignit‚ [n];contentement [n]: satisfaction;
fiŠvre;"agitation [n]: excitation; ‚motion; animation; f‚brilit‚; fougue; passion; chaleur; folie";"temp‚rature [n]: pyrexie; f‚bricule; suette; malaria; paludisme";
fi‚vreux;"br–lant [a]: chaud; f‚brile; maladif";"f‚brile [a]: inquiet; agit‚; ardent; passionn‚; tourment‚; troubl‚";
fifre;pipeau [n]: fl–te;
fig‚;"contraint [a]: scl‚ros‚; immobilis‚; paralys‚";"solidifi‚ [a]: coagul‚; congel‚; glac‚; p‚trifi‚; ‚paissi; caill‚";
figer;"p‚trifier [v]: paralyser; immobiliser";"coaguler [v]: condenser; cristalliser; durcir; congeler; ‚paissir; solidifier; cailler";se figer [o];
fignoler;orner [v];"soigner [v]: finir; parfaire; parachever";
figurant;"acteur [n]: doublure; second r“le; comparse";
figuratif;non figuratif [o];
figuration;"copie [n]: fac-simil‚; dessin; plan; sch‚ma; carte";"repr‚sentation [n]: symbole; image";
figure;"apparence [n]: air; aspect; maintien; maniŠre; mine; fa‡on; forme; configuration; conformation; contenance; expression";"visage [n]: physionomie; face; tˆte; traits; faciŠs; frimousse; bouille; binette; bille; bobine; gueule";"portrait [n]: image; illustration; effigie; esquisse; repr‚sentation; silhouette; symbole; sch‚ma; m‚taphore; allusion";"personnage [n]: personnalit‚; type; idole; caractŠre; nom";faire figure de [o];
figur‚;langue [a]: imag‚;
figurer;"paraŒtre [v]: jouer un r“le; repr‚senter; compter; tenir un rang";"repr‚senter [v]: dessiner; peindre; former; sculpter; donner l'aspect; avoir la forme";se figurer [o];
fil;lame [n]: tranchant;"suite [n]: cours; enchaŒnement";t‚l‚phone [n]: bigophone;former des fils [o];
filandreux;"compliqu‚ [a]: ampoul‚; entortill‚; fumeux; verbeux";fibreux [a]: coriace;
file;"position [n]: colonne; rang‚e; procession; rang; d‚fil‚; queue";
filer;d‚rouler [v]: d‚vider;tisser [v]: tordre;tenir [v]: d‚velopper;d‚couvrir progressivement [v];former des fils [v]: monter en fumant;"couler [v]: se d‚rouler; glisser";"aller trŠs vite [v]: courir; foncer; passer en courant";‚pier [v]: suivre;"fuir [v]: partir; s'en aller; d‚camper; d‚guerpir; s'esquiver; s'‚chapper; se retirer; disparaŒtre";donner [v]: refiler;
filet;‚coulement fin [n];listel [n];chƒteaubriant [n]: tournedos;r‚sille [n];"‚puisette [n]: nasse; senne; sardinier; langoustier; thonaire; ableret; araign‚e; balance; bastude; bolier; bouterolle; carrelet; chalut; drague";"lacet [n]: panneau; rets; pan de rets; pan; araign‚e; allier; lacs; pantiŠre; rid‚e; tirasse";porte-bagages [n]: r‚seau;"emb–che [n]: souriciŠre; piŠge";
filiation;consanguinit‚ [n]: cognation;"g‚n‚alogie [n]: descendance; famille; lign‚e; g‚n‚ration";enchaŒnement [n]: liaison;
filiŠre;"hi‚rarchie [n]: canal; suite de formalit‚s";‚tireuse [n];ordre de livraison [n];
filin;cordage [n]: cƒble;
fille;"fillette [n]: demoiselle; adolescente; jouvencelle; catherinette; poulette; tendron; poule; nana; poup‚e; p‚p‚e; souris; frangine; gonzesse";"descendante [n]: enfant; h‚ritiŠre";vieille fille [o];
fillette;adolescente [n]: demi-bouteille;petite fille [n];
filmer;cin‚matographier [v]: tourner;
filon;"veine [n]: strate; dyke; couche; masse; source";mine [n]: chance;"combine [n]: place; aubaine; planque";
filou;"escroc [n]: tricheur; voleur; fripon; pickpocket; estampeur";
filouter;tricher au jeu [v];"voler [v]: escroquer; frauder";
filouterie;"chantage [n]: escroquerie; tricherie; larcin; carotte";
fils;"personne [n]: gar‡on; [informal] fiston; petit; enfant; sang; h‚ritier; [informal] gars; rejeton; prog‚niture";
fils de ses ?uvres;"fruit [n]: effet; r‚sultat; cons‚quence";autodidacte [n]: self-made-man;
fils spirituel;disciple [n];
filtre;"purificateur [n]: bougie; ‚purateur";percolateur [n]: passoire;v‚rification [n];
filtr‚;"tamis‚ [a]: ‚pur‚; purifi‚; assaini; clarifi‚; limpide; naturel; propre; salubre; ‚th‚r‚";
filtrer;"mouvement [v]: couler; passer; secr‚ter; suinter; transsuder";"qualit‚ [v]: ‚purer; clarifier; purifier";
fin;"rus‚ [a]: astucieux; adroit; avis‚; d‚li‚; malin; p‚n‚trant; perspicace; clairvoyant; sagace; spirituel; subtil";"svelte [a]: t‚nu; d‚li‚; grˆle; l‚ger; menu; mince";"d‚licat [a]: sensible; suave; affable";"sup‚rieur [a]: pur; pr‚cieux; ‚l‚gant; joli; soyeux";"but [n]: destination; objet; motif; finalit‚";"bout [n]: conclusion; d‚nouement; solution; terme; terminaison; ‚pilogue; couronnement; issue; limite; cl“ture; confins; extr‚mit‚";"chute [n]: ruine; tomb‚e";"mort [n]: tr‚pas; agonie; d‚cŠs; disparition";"… la fin [o]: devenir fin; mettre fin; mettre fin …; prendre fin; sans fin";
final;"dernier [a]: extrˆme; ultime";
finalement;d‚finitivement [o]: sans retour;"enfin [o]: … la fin; en d‚finitive; en fin de compte";
finance;finances [o];
financer;commanditer [v];payer [v];
finances;"banque [n]: bourse; affaires; capital; capitalisme; commerce; cr‚dit";"argent [n]: ressources; biens; budget; fonds; recettes; d‚penses; tr‚sor; tr‚sorerie; comptabilit‚";
financier;p‚cuniaire [a]: mat‚riel;"banquier [n]: boursier; agent de change; capitaliste; coulissier; g‚rant; gestionnaire; r‚gisseur";
finasseur;finassier [o];
finassier;finasseur [n]: finaud;
finaud;"malin [a]: matois; madr‚; malicieux; rou‚; rus‚; fin; fut‚; habile; retors; roublard; finassier";
fine gueule;"gourmet [n]: gastronome; gourmand";
finement;"adroitement [o]: astucieusement; habilement";
finesse;"sensibilit‚ [n]: acuit‚; sagacit‚; clairvoyance; subtilit‚; perspicacit‚; p‚n‚tration; tact";"minceur [n]: d‚licatesse; ‚troitesse; t‚nuit‚; petitesse";"d‚licatesse [n]: ‚l‚gance; distinction; grƒce; beaut‚";"artifice [n]: stratagŠme; ruse";
fini;"achev‚ [a]: accompli; termin‚; consomm‚; r‚volu";"d‚limit‚ [a]: d‚fini; born‚";us‚ [a]: surann‚;"disparu [a]: ‚vanoui; perdu";"parfait [a]: soign‚; ‚tudi‚; poli";fatigu‚ [a]: ‚puis‚;"mort [a]: fichu; foutu";"m‚chant [a]: sacr‚; fichu; fieff‚";
finir;"polir [v]: parachever; fignoler; l‚cher; parfaire";"achever [v]: accomplir; conclure; terminer; conduire … terme; r‚soudre; solutionner";"cesser [v]: arrˆter; clore; discontinuer; ne pas continuer; lever; mettre fin …; mettre un terme …";"d‚cider [v]: r‚gler; vider";"se terminer [v]: tarir; cesser; prendre fin; s'achever; s'arrˆter; aboutir";"p‚rir [v]: mourir; passer";finir … [o];
fiole;"figure [n]: tˆte; bouille";"petite bouteille [n]: flacon; ampoule; topette";
fioriture;ornement [n];
firmament;"ciel [n]: ‚ther; azur; empyr‚e";
firme;"maison [n]: ‚tablissement; soci‚t‚; compagnie";
fisc;"finances [n]: Tr‚sor public; finances publiques; imp“ts; assiette fiscale; contributions directes; percepteur; fiscalit‚";
fissure;"fente [n]: fˆlure; cassure; scissure; rayure; sillon; crevasse; l‚sion; l‚zarde; pore";
fixation;"r‚glementation [n]: limitation; d‚termination";
fixe;"‚tat [a]: d‚termin‚; d‚fini; irr‚fragable; irr‚vocable; r‚gl‚; pr‚cis; droit";"position [a]: immobile; fix‚; immuable; invariable; stable; solide; stationnaire; viss‚; ancr‚; ineffa‡able";"dur‚e [a]: continuel; p‚riodique; permanent; r‚gulier; assur‚; constant";
fix‚;d‚visag‚ [a];"accroch‚ [a]: affermi; assujetti; maintenu; viss‚; plant‚; riv‚; clou‚; attach‚; immobilis‚; ancr‚; enracin‚";"d‚termin‚ [a]: pr‚cis‚; d‚fini; formul‚; r‚gl‚";fix‚ d'avance [o];
fixer;"d‚terminer [v]: pr‚ciser; arrˆter; d‚limiter; d‚signer; assigner; sp‚cifier; imposer; prescrire; r‚glementer; r‚gler; formuler; indiquer";"attacher [v]: consolider; accrocher; affermir; ancrer; assujettir; assurer; immobiliser; implanter; river; sertir; visser; caler";"attirer [v]: captiver; conqu‚rir; gagner; retenir";"cristalliser [v]: peindre; sculpter; graver";regarder [v]: rep‚rer;"renseigner [v]: mettre au fait de; ‚crire";se fixer [o];
flache;"flaque [n]: creux; mare";d‚pression [n];
flacon;bouteille [n]: fiole;
flageller;"maltraiter [v]: fouetter; fustiger; battre; chƒtier; fesser; fouailler";"satiriser [v]: attaquer violemment; cingler de critiques";
flageolant;chancelant [a]: mou;
flageolet;fl–te … bec [n];haricot [n]: fayot;
flagorner;"flatter [v]: cajoler; passer de la pommade; l‚cher les bottes; l‚cher les fesses; l‚cher le cul";
flagorneur;"adulateur [n]: flatteur; louangeur; courtisan; lŠche-fesses; lŠche-cul";flatteur [a]: louangeur;
flagrant;"certain [a]: constant; ‚vident; incontestable; patent; criant";
flair;"instinct [n]: clairvoyance; odorat; perspicacit‚; intuition";
flairer;"pressentir [v]: deviner; pr‚voir; soup‡onner; se douter de";sentir [v]: humer;
flambant;"brillant [a]: ‚tincelant; flamboyant; reluisant; rutilant; scintillant; ‚clatant";br–lant [a]: ardent;
flambard;gai luron [n];flambart [n]: charbon … demi consum‚;faire le flambard [o];
flambart;flambard [o];
flambe;iris [n];‚p‚e [n];feu clair [n]: flamb‚e;
flamb‚;"perdu [a]: ruin‚; fichu; foutu";pass‚ … la flamme [a];
flambeau;"objet [n]: fanal; chandelier; cand‚labre; torche; torchŠre";savoir [n]: lumiŠre;
flamb‚e;augmentation [n]: ‚l‚vation;feu [n];explosion d'un sentiment [n];
flamber;"‚tinceler [v]: flamboyer; scintiller; briller";br–ler [v];faire flamber [o];
flamberge;‚p‚e [n]: rapiŠre;
flamboyant;"ardent [a]: ‚clatant; ‚tincelant; flambant; scintillant; brillant; resplendissant; rutilant";
flamboyer;briller [v]: p‚tiller;"flamber [v]: rougeoyer; br–ler";
flamme;"lueur [n]: lumiŠre; ‚clat; clart‚";feu [n];"passion [n]: zŠle; amour; animation; ardeur; ferveur";"drapeau [n]: banderole; banniŠre";
flammŠche;parcelle enflamm‚e [n];
flanc;sein [n]: entrailles;"c“t‚ [n]: aile; hanche";
flancher;"c‚der [v]: faiblir; mollir; abandonner; reculer; craquer";
flandrin;"grand [n]: mince; dadais";
flƒner;"mouvement [v]: se promener; se balader; baguenauder; errer; battre le pav‚; muser; musarder; l‚cher les vitrines";"maniŠre, dur‚e [v]: traŒner; lanterner; lambiner; [informal] flemmarder; [informal] traŒnasser";
flƒneur;badaud [a];"oisif [a]: d‚s?uvr‚; lambin; musard";badaud [n]: promeneur;"oisif [n]: d‚s?uvr‚; traŒnard; lambin; musard";
flanquer;accompagner [v];garnir sur les flancs [v];"entourer [v]: appuyer; d‚fendre; prot‚ger";"lancer [v]: jeter; donner; administrer; appliquer; envoyer";flanquer … la porte [o]: flanquer une vol‚e;
flapi;"‚puis‚ [a]: ‚reint‚; fatigu‚; esquint‚";
flaque;mare [n]: flache;
flasque;"faible [a]: inerte; amorphe; an‚mique; sans vigueur";"mou [a]: mollasse; avachi";petit flacon [n];
flatter;"charmer [v]: d‚lecter; chatouiller; exciter; plaire …; faire plaisir";"caresser [v]: cajoler; cƒliner";"embellir [v]: enjoliver; id‚aliser";favoriser [v]: encourager;leurrer [v]: bercer;"aduler [v]: flagorner; honorer; vanter; louanger; louer; complimenter; courtiser; encenser; faire des courbettes";se flatter [o];
flatterie;"compliment [n]: adulation; courbette; flagornerie; louange; coups d'encensoir";
flatteur;"obs‚quieux [a]: caressant; insinuant; laudatif; mielleux; papelard; patelin; peloteur; cƒlin; emmiell‚; plat";"agr‚able [a]: d‚lectable; doux; ‚logieux; s‚duisant; suave; obligeant; avantageux";"flagorneur [n]: louangeur; adulateur; thurif‚raire; enj“leur; hypocrite; caudataire; courtisan; faiseur de courbettes; valet; encenseur";
flatulence;"m‚t‚orisme [n]: enflure; ballonnement; vent";
flatuosit‚;"vent [n]: borborygme; gargouillement";
fl‚au;"d‚sastre [n]: cataclysme; catastrophe; sinistre; ruine; calamit‚; chol‚ra; plaie";
flŠche;comme une flŠche [o];"projectile [n]: trait; carreau; dard; fl‚chette";
fl‚chi;baiss‚ [a]: diminu‚;"courb‚ [a]: pli‚; ploy‚";"calm‚ [a]: attendri; adouci; d‚sarm‚; ‚mu; touch‚";
fl‚chir;"‚branler [v]: adoucir; d‚sarmer; attendrir; gagner … sa cause; toucher";"plier [v]: ployer; arquer; courber";faiblir [v]: c‚der;
fl‚chissement;"flexion [n]: inflexion; courbure";
flegmatique;"calme [a]: impassible; lymphatique; placide; lent; imperturbable; froid; pos‚";
flegmatiquement;"avec flegme [o]: imperturbablement; impassiblement";
flegme;"calme [n]: d‚contraction; impassibilit‚; froideur; placidit‚; indiff‚rence; mollesse; sang-froid; maŒtrise; apathie; d‚tachement";
fl‚mard;flemmard [o];
flemmard;"paresseux [a]: mou; cossard";
fl‚tri;"us‚ [a]: blˆme; tap‚; vieilli; d‚penaill‚; ratatin‚";
fl‚trir;"faner [v]: ternir; d‚colorer; d‚fraŒchir; rider; s‚cher; alt‚rer";"avilir [v]: ternir; enlaidir; corrompre; souiller; tarer";"stigmatiser [v]: condamner; blƒmer; d‚pr‚cier; d‚shonorer; honnir; vouer … l'opprobre";se fl‚trir [o];
fl‚trissure;"discr‚dit [n]: impr‚cation; d‚shonneur; infamie; souillure; opprobre; stigmate";dessŠchement [n]: d‚floraison;
fleur;"soci‚t‚ [n]: ‚lite; crŠme; [informal] gratin";
fleurant;odorant [a]: sentant;
fleurer;"embaumer [v]: parfumer; exhaler; sentir bon";
fleurette;conter fleurette [o];
fleuri;"brillant [a]: vif; color‚; frais";
fleurir;"briller [v]: prosp‚rer; se d‚velopper; ˆtre florissant; progresser; faire florŠs";s'‚panouir [v]: ‚clore;"orner [v]: parer; embellir";
fleuve;"nature [n]: riviŠre; flot; courant; cours; onde";
flexibilit‚;docilit‚ [n];‚lasticit‚ [n]: souplesse;
flexible;"docile [a]: mall‚able; souple; maniable; pliant";"plastique [a]: pliable; souple; ‚lastique; mall‚able; maniable; mou; tendre";rendre flexible [o];
flexion;"courbure [n]: fl‚chissement; inflexion";
flexueux;"sinueux [a]: onduleux; serpentin";
flibustier;bandit [n]: homme malhonnˆte;"pirate [n]: corsaire; ‚cumeur; boucanier";
flic;"policier [n]: agent de police; agent de la s–ret‚; gardien de la paix; sergent de ville; commissaire de police; poulet; cogne; cond‚; roussin; argousin";
flingot;flingue [n]: fusil;
flingue;flingot [o];
flinguer;se flinguer [o];tirer sur quelqu'un [v];
flirt;amoureux [n];"amourette [n]: amant; b‚guin; amour; caprice";
floculation;"agglutination [n]: pr‚cipitation; coagulation; ‚cume";
flonflons;refrain [n];accords bruyants [n];
flop‚e;"grande quantit‚ [n]: ribambelle; cargaison";
florŠs;faire florŠs [o];
florissant;resplendissant [a]: trŠs bon;"riche [a]: prospŠre; fortun‚; en pleine expansion; heureux; lanc‚; parvenu";ˆtre florissant [o];
flot;"mar‚e [n]: flux; courant";
flots;"abondance [n]: affluence; multitude; d‚luge; foule; d‚bordement; profusion; mer; torrents";"vagues [n]: onde; houle; lame";
flottant;"incertain [a]: irr‚solu; ind‚cis; confus; vague";"mobile [a]: changeant; oscillant; vacillant; variable; versatile; voltigeant; papillotant";"libre [a]: ‚pars; ‚chevel‚";
flotte;flotteur [n]: bouchon;escadre [n]: marine;eau [n]: pluie;
flottement;"h‚sitation [n]: incertitude; ind‚cision";"fluctuation [n]: agitation; balancement";
flotter;claquer au vent [v];"naviguer [v]: surnager; ondoyer; onduler; ‚merger; ˆtre port‚; nager; se soutenir; voguer";h‚siter [v]: ˆtre incertain;"errer [v]: voltiger; aller au hasard; n'ˆtre pas retenu; s'agiter; tƒtonner";pleuvoir [v];
flou;"incertain [a]: vague; ind‚cis; n‚buleux";"brumeux [a]: vaporeux; fondu; indistinct; effac‚; l‚ger";
flouze;"finances [n]: argent; [informal] fric; [informal] pŠze; [informal] pognon; [informal] oseille";
fluctuant;"incertain [a]: inconstant; instable; flottant";
fluctuation;"flottement [n]: changement; h‚sitation; incertitude; ind‚cision; irr‚solution; variation";"oscillation [n]: balancement; instabilit‚; va-et-vient";
fluer;"couler [v]: s'‚couler; s'‚pancher";
fluet;"mince [a]: faible; ch‚tif; d‚licat; ‚lanc‚; grˆle; petit; frˆle; maigre; menu; gracile; efflanqu‚; d‚bile";
fluide;"inconsistant [a]: fluctuant; ind‚cis; insaisissable";"coulant [a]: limpide; liquide; clair";liquide [n];"‚manation [n]: flux; onde; radiation";peu fluide [o];
fluidit‚;facilit‚ [n]: r‚gularit‚;
fl–te;"fifre [n]: flageolet; chalumeau; piccolo; pipeau";zut [o];jouer des fl–tes [o]: se tirer des fl–tes;
fl–teau;"petite fl–te [n]: flageolet; flutiau; chalumeau";
flutiau;fl–teau [o];
flux;‚coulement [n];"mar‚e montante [n]: flot; vague";"abondance [n]: afflux; profusion; d‚bordement";
f?tus;"embryon [n]: ?uf; germe";
foi;"confiance [n]: cr‚ance; opinion; persuasion; autorit‚; conviction; t‚moignage";"fid‚lit‚ [n]: exactitude; sinc‚rit‚; droiture; franchise; honnˆtet‚; v‚racit‚";"religion [n]: croyance; confession; dogme";"promesse [n]: serment; engagement";"ajouter foi [o]: avoir foi en; avoir la foi; bonne foi; de bonne foi; ma foi; mauvaise foi; profession de foi";
foin;"tumulte [n]: scandale; p‚tard";fenaison [n]: fourrage;
foirail;champ de foire [n];
foire;"‚conomie [n]: exposition; salon; exhibition";commerce [n]: march‚;"soci‚t‚ [n]: fˆte foraine; kermesse; festivit‚; ‚v‚nement";"faire la foire [n]: bringue; bombe; nouba; fˆte";
foirer;rater [v]: ‚chouer lamentablement;tourner sans mordre [v];avoir la diarrh‚e [v];
foireux;diarrh‚ique [a];lƒche [a]: peureux;
fois;"fr‚quence [o]: chaque fois que; des fois; parfois; quelquefois";
foison;… foison [o];profusion [n]: abondance;
foisonnement;abondance [n]: pullulement;
foisonner;"abonder [v]: pulluler; regorger";
folƒtre;"gai [a]: badin; enjou‚; jovial; joyeux; plaisant; vagabond; espiŠgle; folichon; guilleret";
folƒtrer;"batifoler [v]: badiner; s'‚battre";
folichon;"gai [a]: folƒtre; amusant; badin";
folie;"aberration [n]: d‚raison; divagation; ‚garement; insanit‚; aveuglement; inconscience; absurdit‚; d‚lire; v‚sanie; monomanie";"d‚mence [n]: ali‚nation mentale; d‚lire; psychose; n‚vrose; d‚s‚quilibre mental; hallucination";"extravagance [n]: bizarrerie; frasque; fredaine; caprice; fantaisie; bˆtise; manie; sottise; passion; marotte; toquade";… la folie [o];
follement;"trŠs [o]: … la folie; extrˆmement; ‚perdument";
fomentateur;excitateur [a]: fauteur;
fomenter;"causer [v]: envenimer; exciter; allumer";
fonc‚;sombre [a]: obscur;
foncer;changer de couleur [v];creuser [v]: forer;"attaquer [v]: charger; se jeter sur; fondre sur";"filer [v]: aller trŠs vite; rouler … toute allure";
foncier;"cadastre [n]: immeubles; imp“t sur les immeubles";inn‚ [a]: profond;
fonciŠrement;profond‚ment [o]: fondamentalement;
fonction;"position [n]: place; situation; poste; r“le; hi‚rarchie";"emploi [n]: m‚tier; occupation; profession; office; mission; ministŠre; service; affaire; charge; dignit‚";"ˆtre fonction de [o]: faire fonction de; haute fonction";
fonctionnaire;"budg‚tivore [n]: bureaucrate; rond-de-cuir; gratte-papier";"employ‚ [n]: administrateur; agent";
fonctionnement;"fait [n]: marche; activit‚; action; jeu; travail; man?uvre";
fonctionner;actionner [v]: man?uvrer;agir [v];travailler [v];"marcher [v]: se mouvoir; aller; avancer; tourner";faire fonctionner [o]: faire fonctionner prudemment;
fond;"substratum [n]: substance; base; contenu; sujet; thŠme; source; matiŠre; tissure; toile";"bas [n]: base; bas-fond; creux; cuvette; fondement; abysse";"essence [n]: nature; n?ud; caractŠre; int‚rieur; arriŠre-fond; r‚alit‚ profonde; secret";"champ [n]: perspective; plan";"… fond [o]: … fond de train; au fond";
fondamental;"principal [a]: primordial; capital; ‚l‚mentaire; foncier; initial; essentiel; premier; radical";
fondamentalement;"fonciŠrement [o]: radicalement; totalement; essentiellement";
fondant;mouill‚ [a]: ruisselant;juteux [a]: aqueux;
fondateur;"cr‚ateur [n]: bƒtisseur; pŠre; chef";
fondation;donation [n]: legs;"cr‚ation [n]: formation; instauration; institution; constitution; ‚tablissement";"base [n]: fondement; assise; assiette; armature";
fond‚;mal fond‚ [o];"vrai [a]: v‚ridique; av‚r‚; juste; r‚el; s‚rieux; solide; l‚gitime; licite; rationnel";
fondement;"base [n]: soutien; assise; appui";"motif [n]: cause; raison; principe; provenance; fond; germe; consistance; pr‚texte; preuve";sans fondement [o];
fonder;"construction [v]: ‚tablir; bƒtir; cr‚er; ‚chafauder; ‚difier; ‚riger; constituer; instituer; organiser; ouvrir";"langue [v]: justifier; motiver; appuyer";
fondeur;m‚tallo [n]: m‚tallurgiste;
fondre;"combiner [v]: confondre; amalgamer; fusionner; incorporer; mˆler; r‚unir; unir; harmoniser";"liqu‚fier [v]: dissoudre; d‚layer; diluer";"diminuer [v]: disparaŒtre; se dissiper";"se d‚geler [v]: se dissoudre; se liqu‚fier";maigrir [v];"faire fondre [o]: fondre sur; se fondre";
fondre sur;"s'abattre sur [v]: se jeter sur; se ruer sur; se pr‚cipiter sur; s'‚lancer sur; tomber sur; assaillir; charger; attaquer";
fortin;"forteresse [n]: fort; blockhaus";
fortuit;"accidentel [a]: contingent; inattendu; inopin‚; occasionnel; impr‚vu";
fortuitement;"accidentellement [o]: occasionnellement; par hasard; par accident; sans cause";
fortune;"finances [n]: richesse; argent; biens; avoir; capital; patrimoine; ressources; moyens; aisance; opulence; tr‚sor";"‚tat [n]: succŠs; prosp‚rit‚; bonheur; f‚licit‚; aubaine";"fait [n]: hasard; chance; sort; destin; ‚toile";
fortun‚;"prospŠre [a]: riche; florissant";heureux [a]: chanceux;
fosse;"creux [n]: excavation; cavit‚; trou; foss‚; gouffre; fouille; tombe";
foss‚;"cassure [n]: coupure; abŒme; gouffre";"tranch‚e [n]: canal; rigole; ruisseau; saut-de-loup; excavation";
fossile;vieille baderne [n]: vieille barbe;"surann‚ [a]: d‚mod‚; d‚pass‚; vieux";
fossilis‚;"fig‚ [a]: arri‚r‚; p‚trifi‚";p‚trifi‚ [a];
fou;"insens‚ [a]: ‚gar‚; ‚cervel‚; inconscient; bˆte; braque; timbr‚; toqu‚; fˆl‚; maboul; cingl‚; cinoque";"malade mental [a]: d‚ment; ali‚n‚; n‚vros‚; d‚s‚quilibr‚";"extravagant [a]: insens‚; absurde; anormal; d‚raisonnable; irrationnel; loufoque; dingue";"ardent [a]: enjou‚; p‚tulant; vif; gai; folƒtre";"amoureux [a]: engou‚; ‚pris; entich‚";"grand [a]: ‚norme; beaucoup; terrible; excessif";"d‚ment [n]: malade; n‚vros‚; psychotique; ali‚n‚; d‚s‚quilibr‚";"inconscient [n]: insens‚; idiot; maniaque; obs‚d‚; ‚nergumŠne; ‚perdu; fada; dingue; d‚traqu‚; braque; cingl‚";ˆtre fou de [o];
fouace;fougasse [o];
fouailler;"fouetter [v]: battre; flageller; fustiger; cingler; cravacher";
foucade;"‚lan capricieux [n]: caprice; emportement passager; fantaisie; toquade";
foudre;"colŠre [n]: vengeance; courroux";"‚clair [n]: tonnerre; feu du ciel";tonneau [n]: futaille;coup de foudre [o]: foudres;
foudres;condamnation [n]: excommunication;
foudroyant;"brusque [a]: imm‚diat; instantan‚; soudain; brutal; mortel";fulgurant [a];
foudroyer;"terrasser [v]: renverser; tuer; an‚antir";frapper de la foudre [v];"stup‚fier [v]: confondre; interdire; atterrer";
fouet;"objet [n]: cravache; martinet; chat … neuf queues; chambriŠre; discipline; knout";cuisine [n]: batteur;
fouetter;"agiter [v]: battre; mˆler";"fouailler [v]: flageller; cingler; fustiger";"stimuler [v]: allumer; exciter; animer; irriter; ‚moustiller";
fougasse;fouace [n]: galette;
fougue;"emportement [n]: emballement; ardeur; imp‚tuosit‚; v‚h‚mence; ‚lan; virulence; violence; entrain; passion; feu; fiŠvre; mordant; pr‚cipitation";
fougueux;"emport‚ [a]: ardent; bouillant; enflamm‚; enthousiaste; imp‚tueux; v‚h‚ment; violent; p‚tulant; explosif; vif; chaud; chaleureux; fanatique; indompt‚";
fouille;"inspection [n]: examen; perquisition";"fosse [n]: ouverture; mine; puits";"visite [n]: recherche; reconnaissance";
fouiller;battre [v]: explorer;"retourner [v]: creuser; fouir; miner";fouger [v]: fouir;visiter [v];"inspecter [v]: examiner; perquisitionner";"approfondir [v]: rechercher; travailler; ‚tudier";"fureter [v]: fourrager; fourgonner; trifouiller; farfouiller; fouiner";se fouiller [o];
fouilleur;"fouineur [n]: rat de bibliothŠque; fureteur";
fouillis;"d‚sordre [n]: confusion; fatras; m‚li-m‚lo; capharnam";
fouinard;fouineur [n]: fureteur;fouineur [a]: fureteur;
fouiner;fouiller [v]: fureter;
fouineur;"curieux [n]: fureteur; fouinard";"curieux [a]: fureteur; fouinard";
fouir;creuser [v];
foulard;"‚charpe [n]: fichu; cache-col";
foule;"personne [n]: affluence; monde; bousculade; presse; cohue; cortŠge; troupe";"quantit‚ [n]: masse; multitude; arm‚e; collection; r‚giment; troupeau; populo; flop‚e";
fouler;"bafouer [v]: m‚priser; pi‚tiner; accabler";"pi‚tiner [v]: marcher sur; ‚craser; piler; tasser; damer";"d‚mettre [v]: luxer; disloquer";se fouler [o]: se fouler la rate;
four;"‚chec [n]: insuccŠs; d‚sastre; chute";chaufour [n]: fournil;
fourbe;"perfide [a]: malhonnˆte; ind‚licat; hypocrite; faux; fallacieux; sournois; trompeur; menteur; traŒtre";
fourberie;fourberie habile [o];"ruse [n]: hypocrisie; fausset‚; duplicit‚; sournoiserie; trahison; fraude; piperie; matoiserie";
fourbi;choses en d‚sordre [n];"attirail [n]: chargement; bagage; barda";"machin [n]: chose; truc; bidule";
fourbir;"frotter [v]: d‚rouiller; astiquer; nettoyer; polir";
fourbu;"ext‚nu‚ [a]: fatigu‚; ‚puis‚; ‚reint‚; bris‚; ‚chin‚; harass‚; moulu; rendu; rompu; esquint‚";
fourche;fourches patibulaires [o];"bifurcation [n]: embranchement; carrefour";
fourcher;bifurquer [v]: se diviser;
fourchu;crochu [a]: cornu;
fourgon;wagon [n];pique-feu [n]: tisonnier;
fouri‚risme;socialisme [n]: associationnisme;
fourmillant;populeux [a]: grouillant;
fourmiller;"grouiller [v]: pulluler; abonder";
fournaise;four [n]: fourneau;canicule [n];
fourneau;four [n];cuisiniŠre [n]: r‚chaud;
fourni;"abondant [a]: touffu; ‚pais; feuillu; dru";
fournir;"procurer [v]: ravitailler; alimenter; approvisionner; donner; livrer; prˆter";"munir [v]: garnir; armer; pourvoir";"accomplir [v]: achever; parfaire";subvenir [v]: contribuer;faire fournir [o]: se fournir;
fournisseur;"pourvoyeur [n]: ravitailleur; approvisionneur; commer‡ant; d‚taillant; marchand";
fourniture;garniture [n]: assaisonnement;"approvisionnement [n]: livraison; marchandise; stock";prestation [n];
fourrager;"fouiller [v]: fureter; fourgonner";"ravager [v]: piller; marauder; d‚vaster; ruiner; saccager; d‚soler";
fourr‚;buisson [n]: taillis;
fourreau;cosse [n];"‚tui [n]: gaine; enveloppe";fonte [n];
fourrer;"introduire [v]: ins‚rer; enfoncer; enfourner; mettre dans; flanquer; foutre";"envelopper [v]: garnir; doubler";se fourrer [o];
fourrure;"animal [n]: poil; pelisse; pelage; toison; pelleterie";
fourvoiement;"erreur [n]: b‚vue; aberration; ‚garement; contresens; m‚prise; sottise";
fourvoyer;se fourvoyer [o];"‚garer [v]: tromper; d‚tourner; induire en erreur";
foutoir;grand d‚sordre [n]: bordel;
foutre;"mettre [v]: d‚poser; enfoncer; flanquer";sperme [n];faire [v]: ficher;"foutre … la porte [o]: foutre dehors; foutre le camp; s'en foutre; se foutre";
foutre … la porte;"cong‚dier [v]: licencier; chasser; foutre dehors";
foutre dehors;"cong‚dier [v]: licencier; chasser";
foutre le camp;fuir [v]: partir;
foutu;"sacr‚ [a]: sale; fichu";"perdu [a]: condamn‚; fini; maudit; us‚";"bƒti [a]: fait; fichu";
foyer;"maison [n]: demeure; domicile; appartement; m‚nage; famille; p‚nates; bercail";"chemin‚e [n]: feu; ƒtre; fourneau; brasier";"centre [n]: siŠge; source; milieu; int‚rieur";
fracas;"tumulte [n]: vacarme; tapage; bruit; clameur";
fracasser;"briser [v]: casser; rompre; mettre en piŠces";
fraction;"partie [n]: morceau; portion; section; part; segment; tranche; division; d‚tail; parcelle";
fractionnement;"segmentation [n]: division; morcellement; ‚parpillement";
fractionner;"segmenter [v]: partager; sectionner; diviser; morceler; subdiviser";
fracture;"rupture [n]: cassure; blessure; faille; coupure";
fragile;cassant [a]: facile … briser;"frˆle [a]: d‚bile; d‚licat; faible; ch‚tif; malingre";"instable [a]: incertain; chancelant; passager; pr‚caire; provisoire; vacillant; changeant; inconstant; ‚ph‚mŠre; p‚rissable; momentan‚; labile";
fragilit‚;"pr‚carit‚ [n]: incertitude; instabilit‚; inconsistance";"faiblesse [n]: d‚bilit‚; d‚licatesse";
fragment;"extrait [n]: citation; partie; passage; piŠce; division; d‚tail";"morceau [n]: segment; ‚chantillon; miette; parcelle; tron‡on; bout; bouture; chicot; d‚bris; lambeau; lopin; loque";
fragmentaire;partiel [a]: incomplet;
fragmenter;"partager [v]: morceler; diviser; concasser";
fragrance;odeur [n]: parfum;
frai;fretin [n]: alevin;"reproduction [n]: g‚n‚ration; ?uf";
fraŒchement;"r‚cemment [o]: depuis peu; nouvellement";au frais [o];froidement [o]: avec froideur;
fraŒcheur;"nature [a]: frais; froid";"qualit‚ [n]: nouveaut‚; primeur";"effet [n]: ‚clat; lustre";"trait de caractŠre [n]: puret‚; innocence; na‹vet‚; spontan‚it‚; jeunesse; naturel; vigueur; vivacit‚";
fraŒchir;se lever [v]: augmenter de force;rafraŒchir [v]: se rafraŒchir;
frais;"nature [a]: frisquet; l‚gŠrement froid";"qualit‚ [a]: nouveau; neuf; jeune; r‚cent; du jour; printanier; tendre";"effet [a]: ‚clatant; brillant; joli";"‚tat [a]: intact; propre";"‚tat physique [a]: d‚tendu; dispos; repos‚; sain; vigoureux; bien conserv‚; vif; alerte; en forme; vert";"finances [n]: co–t; charge; d‚bours; d‚pens; d‚pense; taxe";
fraise;nature [n]: fruit rouge;"m‚decine [n]: l‚sion de la peau; angiome; n‘vus";"animal [n]: m‚sentŠre; caroncule";objet [n]: collerette;"technique [n]: foret; roulette";corps [n]: figure;
franc;"trait de caractŠre [a]: sincŠre; spontan‚; honnˆte; ouvert; droit; loyal; cordial; direct; naturel; simple; sans fa‡on; vrai; v‚ritable";"commerce [a]: libre; exempt; exon‚r‚";"‚tat [a]: pr‚cis; net; d‚clar‚; carr‚";finances [n]: unit‚ mon‚taire;
franchement;"r‚solument [o]: sans h‚siter; sans ambages; carr‚ment; tout net; nettement";"sincŠrement [o]: rondement; loyalement; … c?ur ouvert; en toute franchise; librement; ouvertement; simplement";
franchir;passer [v]: d‚passer;"enjamber [v]: escalader; monter; sauter; sauter par-dessus";traverser [v]: parcourir;outrepasser [v];surmonter [v]: vaincre;
franchise;"sinc‚rit‚ [n]: loyaut‚; spontan‚it‚; droiture; rondeur; v‚racit‚; v‚rit‚; franc-parler";"exemption [n]: exon‚ration; dispense; immunit‚; privilŠge";libert‚ [n]: ind‚pendance;en toute franchise [o];
franchissement;"passage [n]: escalade; travers‚e";
franc-tireur;"maquisard [n]: partisan; r‚sistant";
frange;bord [n]: marge;
frang‚;d‚coup‚ [a]: d‚chiquet‚;orn‚ [a]: bord‚;
franquette;… la bonne franquette [o];
frappant;"impressionnant [a]: saisissant; surprenant; troublant; extraordinaire; sensationnel; ‚tonnant; attachant; captivant; criant; ‚clatant";
frappe;voyou [n]: gouape;dactylographie [n];
frapp‚;"frais [a]: froid; rafraŒchi; refroidi";battu [a];inquiet [a]: ‚mu;fou [a];
frapper;punir [v]: chƒtier;"battre [v]: cogner; heurter; donner un coup; brutaliser; rudoyer; maltraiter; cingler; fouetter; rosser";marteler [v]: percuter;foudroyer [v];"tapoter [v]: taper; tambouriner";"impressionner [v]: surprendre; ‚tonner; saisir; choquer";"affecter [v]: atteindre; toucher; ‚mouvoir; affliger; consterner";frapper … mort [o]: se frapper;
frasque;"fredaine [n]: ‚quip‚e; caprice; incartade";
fraternel;"uni [a]: amical; cordial; affectueux";
fraude;"tromperie [n]: escroquerie; d‚loyaut‚; fourberie; improbit‚; tricherie; supercherie; contrebande; mauvaise foi";
frauder;"d‚naturer [v]: frelater; sophistiquer";"tromper [v]: tricher; escamoter; abuser; voler; filouter";
fraudeur;falsificateur [n]: contrebandier;
frayer;aleviner [v]: se reproduire;"pr‚parer [v]: percer; ouvrir; entrouvrir; rendre praticable; tracer; faciliter; pratiquer; ‚tablir";fr“ler [v]: frotter contre;"fr‚quenter [v]: c“toyer; coudoyer; hanter; voir; voisiner; fr‚quenter; commercer; ˆtre en relation avec";
frayeur;"saisissement [n]: peur; effroi; frissonnement; appr‚hension; crainte; ‚pouvante; terreur; alarme; transe";
fredaine;"‚cart [n]: d‚bordement; ‚quip‚e; escapade; folie; frasque; incartade; fugue; caprice";
fredonner;chanter [v]: chantonner;
frein;filet [n];mors [n];"obstacle [n]: limite; opposition";mettre un frein … [o]: ronger son frein;
freiner;"arrˆter [v]: stopper; bloquer";"ralentir [v]: d‚c‚l‚rer; retenir; serrer";"enrayer [v]: faire obstacle; gˆner; r‚fr‚ner; mod‚rer; contrarier; diminuer";
frelatage;contrefa‡on [n]: fraude;
frelater;"falsifier [v]: d‚naturer; contrefaire; fausser; sophistiquer";
frˆle;"fragile [a]: d‚licat; ch‚tif; d‚bile; faible; fluet; maigre; peu r‚sistant; peu solide";
freluquet;godulereau [n]: mirliflore;
fr‚mir;murmurer [v]: bruire;"trembler [v]: frissonner; palpiter; tr‚pider; tressaillir";
fr‚missant;"ardent [a]: passionn‚; vibrant; tremblant";
fr‚missement;"tremblement [n]: tressaillement; vibration; frisson; frissonnement; ‚motion";murmure [n]: bruissement;
fr‚n‚sie;"folie [n]: passion; enthousiasme; aveuglement; d‚lire; agitation; ‚garement";"fureur [n]: furie; emportement; rage";
fr‚n‚tique;violent [a]: furieux;"fou [a]: d‚lirant; enthousiaste; passionn‚; effr‚n‚";
fr‚quemment;"souvent [o]: beaucoup; commun‚ment";
fr‚quent;"maniŠre [a]: habituel; commun; normal; courant; ordinaire";"fr‚quence [a]: r‚p‚t‚; multiple; nombreux; continuel; continu; perp‚tuel; r‚it‚r‚; rebattu; quotidien; innombrable; journalier";
fr‚quentation;amour [n]: amourette;"contact [n]: accointance; commerce; intimit‚; liaison; lien; rapport; relation; amiti‚";pratique [n]: usage;"assiduit‚ [n]: r‚gularit‚; ponctualit‚; exactitude";
fr‚quent‚;peu fr‚quent‚ [o];"populeux [a]: public; passant";
fr‚quenter;se fr‚quenter [o];"hanter [v]: frayer avec; pratiquer; c“toyer; courir; visiter; voisiner; commercer; coudoyer; voir";
frŠre;"personne, famille [n]: [informal] fr‚rot; [informal] frangin";"personne [n]: semblable; ami; compagnon; confrŠre; camarade; copain";"religion [n]: religieux; capucin; franciscain; dominicain";
fret;charge [n]: cargaison;"louage [n]: affrŠtement; nolis";
fr‚ter;‚quiper [v]: charger;"louer [v]: affr‚ter; noliser";
fr‚tillant;"remuant [a]: grouillant; s‚millant; sautillant; tr‚pignant; vif";
fr‚tiller;"remuer [v]: s'agiter; sautiller; se tr‚mousser; grouiller; piaffer; tr‚mousser; tr‚pigner; gigoter";
fretin;"rebut [n]: rien; quantit‚ n‚gligeable; d‚chet";"blanchaille [n]: menu poisson; alevin; frai; nourrain";
freux;corneille [n];
friable;cassant [a];tendre [a]: sablonneux;
friand;"app‚tissant [a]: exquis; d‚lectable; d‚licieux; succulent; all‚chant; tentant; savoureux";gourmand [a];friand de [o];
friand de;avide de [a]: amateur;
friandise;"sucrerie [n]: pƒtisserie; gourmandise; confiserie; d‚licatesse; douceur; chatterie; bonbon";
fricass‚e;"m‚lange [n]: amalgame; m‚li-m‚lo; salmigondis";"fricandeau [n]: blanquette; rago–t; gibelotte; salmis; fricot";fricass‚e de museaux [o];
fricass‚e de museaux;embrassade [n]: gros baisers;
fricasser;"gaspiller [v]: dissiper; perdre";"accommoder [v]: pr‚parer; faire frire; frire";
fric-frac;effraction [n]: cambriolage;
friche;en friche [o];"lande [n]: champ abandonn‚; champ inculte; champ sauvage; terre non cultiv‚e";
frichti;repas [n]: fricot;
fricot;"repas [n]: fricass‚e; frichti";
fricotage;"trafic malhonnˆte [n]: magouille; tripotage";
fricoter;"manigancer [v]: trafiquer; tramer; tripoter; mijoter";"accommoder en rago–t [v]: pr‚parer un plat; cuisiner";
friction;heurt [n]: accrochage;frottement [n];
frictionner;frotter [v]: oindre;
frigidaire;r‚frig‚rateur [n]: frigo;
frigo;chambre frigorifique [n];r‚frig‚rateur [n]: frigidaire;viande frigorifi‚e [n];
frigorifier;intimider [v];r‚frig‚rer [v]: congeler;
frimas;froid [n]: hiver;
frime;"semblant [n]: com‚die; hƒblerie; apparence trompeuse";
frimousse;visage [n]: figure;
fringale;envie [n];app‚tit [n]: faim;
fringant;"alerte [a]: p‚tulant; agile; sautillant; guilleret; s‚millant; ingambe; actif; pimpant";fougueux [a]: vif;
fringuer;se fringuer [o];"vˆtir [v]: habiller; nipper";
friper;"chiffonner [v]: fl‚trir; rider";
fripon;"espiŠgle [a]: polisson; malicieux; malin; d‚lur‚; ‚veill‚; coquin; volage";"brigand [n]: coquin; vaurien; garnement; galopin";"escroc [n]: filou; larron; voleur";
friponne;coquette [a];
friponnerie;"coquinerie [n]: malhonnˆtet‚; canaillerie";
fripouille;"crapule [n]: escroc; canaille";
frire;"cuisine [v]: faire cuire; r“tir; faire sauter; fricasser";
friser;"effleurer [v]: fr“ler; raser";"boucler [v]: anneler; crˆper; onduler; moutonner; faire une mise en plis";confiner … [v]: approcher de;
frisquet;"nature [a]: frais; froid";
frisson;froissement [n]: bruissement;"fr‚missement [n]: tremblement; tressaillement; frissonnement";"‚motion [n]: effroi; crainte; peur; alarme; saisissement";
frissonnement;frayeur [n]: fr‚missement;
frissonner;appr‚hender [v]: craindre;"trembler [v]: fr‚mir; grelotter; tressaillir";
frivole;"insouciant [a]: l‚ger; incons‚quent; peu s‚rieux; pu‚ril; superficiel; ‚tourdi";"futile [a]: insignifiant; superficiel; inconsistant; vain; vide";
frivolit‚;"futilit‚ [n]: bagatelle; fantaisie; caprice; amusette; fanfreluche; babiole; broutille";"insouciance [n]: l‚gŠret‚; inconstance; pu‚rilit‚; vanit‚";
froc;pantalon [n];bure [n]: habit monacal;
froid;"nature [a]: frisquet; frais; glac‚; glacial; sib‚rien; rude";"trait de caractŠre [a]: insensible; glacial; flegmatique; impassible; indiff‚rent; r‚serv‚; s‚vŠre; sec; austŠre; d‚tach‚; distant; frigide; piquant";"art [a]: ennuyeux; inexpressif; languissant; terne";"‚tat [n]: hiver; bise; gel‚e; glace; froidure";"‚tat mental [n]: froideur; d‚saccord; discorde; brouille; dissentiment; m‚contentement; m‚sentente; antipathie; m‚sintelligence";
froidement;avec indiff‚rence [o];fraŒchement [o];calmement [o];
froideur;"‚tat mental [n]: indiff‚rence; impassibilit‚; flegme; r‚serve; d‚tachement; s‚v‚rit‚; hostilit‚; glace";
froidure;froid [n]: fraŒcheur;
froiss‚;"vex‚ [a]: piqu‚; bless‚; choqu‚; offusqu‚; offens‚; d‚soblig‚; mortifi‚";chiffonn‚ [a]: frip‚;
froissement;"heurt [n]: friction; blessure";
froisser;meurtrir [v]: claquer;"chiffonner [v]: plisser; friper";"broyer [v]: ‚craser; pi‚tiner";"vexer [v]: offenser; piquer; blesser; choquer; d‚sobliger; indisposer; offusquer; blesser; heurter";se froisser [o];
fr“lement;"relation [n]: caresse; attouchement";"son [n]: froissement; fr‚missement";
fr“ler;c“toyer [v]: coudoyer;"effleurer [v]: caresser; toucher l‚gŠrement";raser [v]: serrer;"passer prŠs de [v]: friser; risquer";
fr“leur;peloteur [n]: tripoteur;
fr“leuse;aguicheuse [n]: allumeuse;
froment;"nature [n]: c‚r‚ale; bl‚";
froncer;"plisser [v]: rider; grigner";
frondaison;"feuillage [n]: feuill‚e; feuilles; branches; branchage; ramure; verdure";"ombre [n]: ombrage; abri";
fronder;"critiquer [v]: d‚sapprouver; r‚prouver; trouver … redire; attaquer; blƒmer; censurer; condamner; reprendre; satiriser";
frondeur;"moqueur [n]: rebelle; railleur; contestataire; perturbateur";"moqueur [a]: satirique; rebelle; railleur; contestataire; perturbateur";
front;"coalition [n]: ligue; bloc; cartel; groupement";"face [n]: fa‡ade; fronton";champ de bataille [n]: lignes;"audace [n]: impudence; hardiesse";air [n]: maintien;faire front [o]: le front haut;
frontiŠre;"limite [n]: borne; lisiŠre; confins; ligne; d‚marcation; d‚limitation";
frotter;"effet [v]: nettoyer; essuyer; astiquer; briquer; brosser; fourbir; gratter; racler; cirer; encaustiquer; lustrer; polir; poncer; r‚curer";"mouvement [v]: effleurer; fr“ler; frictionner; appuyer; gratter";"frotter de [v]: huiler; oindre; graisser";
frou-frou;"froissement [n]: fr‚missement; bruissement";
froussard;"peureux [a]: poltron; lƒche";
frousse;"peur [n]: crainte; trac";
fructifier;"rapporter [v]: rendre; produire; d‚velopper";
fructueux;"maniŠre [a]: profitable; productif; lucratif; avantageux; f‚cond; fertile; salutaire; utile; rentable; abondant; bon";
frugal;"sobre [a]: simple; austŠre; asc‚tique";
frugalit‚;"sobri‚t‚ [n]: mod‚ration; temp‚rance; simplicit‚; ‚conomie";
fruit;"nature [n]: fruits rouges; fruits … p‚pins; fruits secs; fruits de mer";"effet [n]: b‚n‚fice; produit; profit; r‚sultat; r‚compense; avantage; cons‚quence; rapport";
fruitier;fromagerie [n];fruiterie [n]: verger;fromager [n]: maŒtre fruitier;
frusques;"hardes [n]: fringues; nippes";
fruste;"grossier [a]: rude; inculte; lourd; lourdaud; primitif; balourd; sauvage";
frustrer;"tromper [v]: d‚cevoir; d‚sappointer";"priver [v]: d‚savantager; d‚pouiller; d‚poss‚der; d‚sh‚riter; voler; spolier; l‚ser; d‚favoriser";
fuel;"mazout [n]: fuel-oil; fioul";
fugace;"‚vanescent [a]: passager; ‚ph‚mŠre; momentan‚; fugitif; bref; court; p‚rissable";
fugitif;"mouvant [a]: mobile; instable; inconstant; incertain";"fuyant [a]: fuyard; ‚vad‚; banni; proscrit; exil‚";"‚vanescent [a]: fugace; ‚ph‚mŠre; passager; court; peu durable; bref; court; momentan‚; p‚rissable";"fuyard [n]: ‚vad‚; d‚serteur";
fugue;"fuite [n]: ‚chapp‚e; escapade; absence; fredaine; ‚quip‚e";canon [n]: imitation;
fuir;"‚viter [v]: ‚chapper; diff‚rer; se garder; se garantir contre; ‚luder; se soustraire …";"s'enfuir [v]: d‚camper; filer; s'‚chapper; s'‚vader; se sauver; s'‚loigner; d‚loger; s'exiler; s'esquiver; d‚guerpir; s'envoler; d‚taler; ficher le camp; se barrer";"s'‚couler [v]: passer; s'‚vanouir";perdre [v];faire fuir [o];
fuite;"subterfuge [n]: ‚chappatoire; faux-fuyant; excuse; d‚robade";"fugue [n]: ‚vasion; d‚bƒcle; d‚bandade; d‚route; ‚chapp‚e; sauve-qui-peut";h‚morragie [n]: perte;d‚fection [n]: lƒchage;trou [n]: fente;mettre en fuite [o];
fulgurant;violent [a];"foudroyant [a]: ‚tincelant; brillant; ‚clatant; resplendissant; rutilant";
fulguration;lueur [n]: ‚clair;
fulminant;"furibond [a]: grondant; mena‡ant";"foudroyant [a]: vocif‚rant; tonitruant";d‚tonant [a]: explosif;
fulmination;explosion [n]: d‚tonation;colŠre [n]: explosion;
fulminer;"exploser [v]: ‚clater; d‚toner; tonner; faire explosion; tempˆter; menacer; pester; s'emporter";
fumant;"ardent [a]: bouillonnant; br–lant";crachant la fum‚e [a]: fumeux;"sensationnel [a]: formidable; sensas";
fum‚e;"‚tat [n]: vapeur; nuage; smog; bu‚e; fumerolle; gaz; fumet; ‚manation; exhalaison";
fum‚es;"laiss‚es [n]: excr‚ments; fiente";"ivresse [n]: excitation; ‚tourdissement";
fumer;boucaner [v]: saurer;griller une cigarette [v];engraisser [v]: fertiliser;
fumet;"odeur [n]: saveur; senteur; exhalaison; parfum";
fumeux;"trouble [a]: vague; obscur; brumeux; n‚buleux; abstrait; compliqu‚";fumant [a];
fumier;"purin [n]: terreau; engrais; compost; amendement";"ordure [n]: immondice; gadoue";"individu m‚prisable [n]: salaud; salopard; ordure";
fumiste;"plaisantin [n]: mystificateur; farceur";
funŠbre;fun‚raire [a]: mortuaire;"lugubre [a]: macabre; sinistre; sombre; qui ‚voque la mort; triste";
fun‚railles;"fait [n]: obsŠques; enterrement; ensevelissement; s‚pulture; inhumation; incin‚ration; convoi";
funeste;"triste [a]: douloureux; tragique; lamentable; sombre; funŠbre; malheureux; sinistre; navrant";"pernicieux [a]: nuisible; n‚faste; d‚sastreux; malfaisant; catastrophique; mortel; mauvais; fatal";
fureter;"fouiller [v]: explorer; fouiner; farfouiller; fourgonner; perquisitionner; rechercher";chasser au furet [v];
fureteur;chercheur [n]: fouilleur;"curieux [a]: indiscret; fouineur; fouinard";
fureur;"passion [n]: emportement; folie; fr‚n‚sie; enthousiasme; exaltation; possession; transport; surexcitation";"rage [n]: furie; colŠre; imp‚tuosit‚; violence; emportement; acharnement; agitation; courroux";ˆtre en fureur [o]: faire fureur;
furibard;furieux [a]: furibond;
furibond;"furieux [a]: emport‚; agit‚; forcen‚; irrit‚; furibard";
furie;"fureur [n]: agitation; colŠre; courroux; d‚chaŒnement; f‚rocit‚; rage; violence; emportement; imp‚tuosit‚; d‚chaŒnement; passion; manie";m‚gŠre [n]: harpie;ardeur [n]: courage;en furie [o];
furieusement;excessivement [o]: extrˆmement;
furieux;"personne [n]: enrag‚; fanatique; forcen‚; ‚nergumŠne";"trait de caractŠre [a]: irrit‚; furibond; enrag‚; acharn‚; hors de soi; agit‚; d‚chaŒn‚; courrouc‚; d‚lirant; fr‚n‚tique; poss‚d‚; forcen‚; passionn‚; violent; furibard";
furoncle;"m‚decine [n]: abcŠs; anthrax; [informal] clou";
furtif;"rapide [a]: fugace; fugitif";"cach‚ [a]: clandestin; discret; secret; subreptice";
furtivement;"secrŠtement [o]: en secret; en cachette; … la d‚rob‚e; en sous-main";
fus‚e;"missile [n]: lanceur; propulseur; pousseur; acc‚l‚rateur; booster";
fuser;jaillir [v]: partir;couler [v]: se r‚pandre en fondant;glisser [v]: se r‚pandre peu … peu;
fusil;"arquebuse [n]: escopette; espingole; tromblon";"carabine [n]: mousquet; mousqueton; canardiŠre; rifle";"p‚toire [n]: flingue; flingot";
fusiller;"passer par les armes [v]: ex‚cuter; tuer";
fusion;"r‚union [n]: combinaison; conciliation; m‚lange";fonte [n]: liqu‚faction;faire fusion [o];
fusionner;"s'unir [v]: faire fusion; se fondre";"assembler [v]: joindre; mˆler; unifier";
fustigation;chƒtiment [n]: peine;stigmatisation [n]: blƒme;massage [n];
fustiger;"blƒmer [v]: stigmatiser; critiquer; r‚primander";"battre [v]: flageller; fouetter; fouailler; cingler";
f–t;"objet [n]: tonneau; baril; futaille; tonnelet";nature [n]: tronc d'arbre;
futaie;"boqueteau [n]: bosquet; bouquet d'arbres; massif d'arbres; frondaison; fourr‚; taillis; sous-bois; chˆnaie; hˆtraie; pinŠde; sapiniŠre; sylve; bois";
futaille;"baril [n]: barrique; tonneau; foudre; f–t; piŠce";
fut‚;"rus‚ [a]: adroit; habile; malicieux; malin; matois; finaud; madr‚; rou‚";
futile;"frivole [a]: insignifiant; pu‚ril; superficiel; inutile; inepte; vain; vide; creux; banal; l‚ger";
futilit‚;"frivolit‚ [n]: bagatelle; niaiserie; insignifiance; l‚gŠret‚; nullit‚; enfantillage; pu‚rilit‚; inanit‚; broutille";
futur;"temps [n]: avenir; lendemain; perspective; destin";"temps [a]: ult‚rieur; prochain; post‚rieur; en herbe";personne [n]: fianc‚;
fuyant;insaisissable [a];fugitif [a]: ‚vasif;
fuyard;"d‚serteur [n]: ‚vad‚; fugitif";lƒche [a]: port‚ … s'enfuir;
faire la causette;"causette [v]: bavarder; discuter";
